time,tick,state,pos_x,pos_y,theta,target_x,target_y,dist_to_target,v,omega,fl,fr,min_lidar
0.080,5,DRIVE,-11.873,-7.125,-0.000,-9.380,-1.790,5.889,0.350,0.601,1.789,2.000,0.000
0.160,10,DRIVE,-11.866,-7.125,-0.000,-9.380,-1.790,5.886,0.350,0.620,1.780,2.000,0.333
0.240,15,DRIVE,-11.852,-7.125,-0.000,-9.380,-1.790,5.880,0.350,0.657,1.765,2.000,0.334
0.320,20,DRIVE,-11.831,-7.125,0.001,-9.380,-1.790,5.871,0.350,0.719,1.743,2.000,0.340
0.400,25,DRIVE,-11.807,-7.125,0.023,-9.380,-1.790,5.861,0.350,0.749,1.723,2.000,0.337
0.480,30,DRIVE,-11.780,-7.123,0.071,-9.380,-1.790,5.848,0.350,0.731,1.711,2.000,0.349
0.560,35,DRIVE,-11.752,-7.121,0.110,-9.380,-1.790,5.834,0.350,0.186,1.697,2.000,0.362
0.640,40,DRIVE,-11.724,-7.117,0.123,-9.380,-1.790,5.820,0.350,0.190,1.673,2.000,0.375
0.720,45,DRIVE,-11.696,-7.114,0.137,-9.380,-1.790,5.806,0.350,0.195,1.649,2.000,0.385
0.800,50,DRIVE,-11.669,-7.110,0.150,-9.380,-1.790,5.791,0.350,0.188,1.625,2.000,0.405
0.880,55,DRIVE,-11.641,-7.105,0.163,-9.380,-1.790,5.776,0.350,0.175,1.601,2.000,0.430
0.960,60,DRIVE,-11.613,-7.100,0.175,-9.380,-1.790,5.761,0.350,0.166,1.576,2.000,0.447
1.040,65,DRIVE,-11.586,-7.095,0.186,-9.380,-1.790,5.746,0.350,0.162,1.552,2.000,0.468
1.120,70,DRIVE,-11.558,-7.090,0.184,-9.380,-1.790,5.730,0.350,-0.097,1.520,2.000,0.469
1.200,75,DRIVE,-11.531,-7.085,0.178,-9.380,-1.790,5.715,0.350,-0.099,1.485,2.000,0.495
1.280,80,DRIVE,-11.503,-7.080,0.171,-9.380,-1.790,5.701,0.350,-0.102,1.450,2.000,0.520
1.360,85,DRIVE,-11.476,-7.076,0.164,-9.380,-1.790,5.686,0.350,-0.097,1.416,2.000,0.544
1.440,90,DRIVE,-11.448,-7.071,0.157,-9.380,-1.790,5.672,0.350,-0.091,1.381,2.000,0.567
1.520,95,DRIVE,-11.421,-7.067,0.151,-9.380,-1.790,5.658,0.350,-0.086,1.347,2.000,0.597
1.600,100,DRIVE,-11.393,-7.063,0.145,-9.380,-1.790,5.644,0.350,-0.118,1.314,2.000,0.626
1.680,105,DRIVE,-11.365,-7.059,0.137,-9.380,-1.790,5.631,0.350,-0.120,1.279,2.000,0.644
1.760,110,DRIVE,-11.338,-7.055,0.128,-9.380,-1.790,5.618,0.350,-0.123,1.245,2.000,0.676
1.840,115,DRIVE,-11.310,-7.052,0.120,-9.380,-1.790,5.605,0.350,-0.126,1.211,2.000,0.698
1.920,120,DRIVE,-11.282,-7.049,0.111,-9.380,-1.790,5.592,0.350,-0.118,1.177,2.000,0.706
2.000,125,DRIVE,-11.254,-7.046,0.103,-9.380,-1.790,5.580,0.350,-0.110,1.143,2.000,0.722
2.080,130,DRIVE,-11.226,-7.043,0.095,-9.380,-1.790,5.568,0.350,-0.105,1.110,2.000,0.720
2.160,135,DRIVE,-11.199,-7.041,0.088,-9.380,-1.790,5.557,0.350,-0.058,1.077,2.000,0.727
2.240,140,DRIVE,-11.171,-7.038,0.084,-9.380,-1.790,5.545,0.350,-0.059,1.045,2.000,0.731
2.320,145,DRIVE,-11.143,-7.036,0.080,-9.380,-1.790,5.534,0.350,-0.060,1.013,2.000,0.734
2.400,150,DRIVE,-11.115,-7.034,0.076,-9.380,-1.790,5.523,0.350,-0.061,0.982,2.000,0.742
2.480,155,DRIVE,-11.087,-7.032,0.071,-9.380,-1.790,5.513,0.350,-0.057,0.950,2.000,0.748
2.560,160,DRIVE,-11.059,-7.030,0.067,-9.380,-1.790,5.502,0.350,-0.053,0.918,2.000,0.749
2.640,165,DRIVE,-11.031,-7.028,0.064,-9.380,-1.790,5.492,0.350,-0.050,0.887,2.000,0.761
2.720,170,DRIVE,-11.004,-7.026,0.061,-9.380,-1.790,5.482,0.350,-0.008,0.856,2.000,0.766
2.800,175,DRIVE,-10.976,-7.025,0.060,-9.380,-1.790,5.472,0.350,-0.008,0.825,2.000,0.773
2.880,180,DRIVE,-10.948,-7.023,0.059,-9.380,-1.790,5.463,0.350,-0.008,0.794,2.000,0.779
2.960,185,DRIVE,-10.920,-7.021,0.059,-9.380,-1.790,5.453,0.350,-0.008,0.763,2.000,0.785
3.040,190,DRIVE,-10.892,-7.020,0.058,-9.380,-1.790,5.444,0.350,-0.008,0.733,2.000,0.785
3.120,195,DRIVE,-10.864,-7.018,0.058,-9.380,-1.790,5.434,0.350,-0.007,0.702,2.000,0.795
3.200,200,DRIVE,-10.836,-7.016,0.057,-9.380,-1.790,5.425,0.350,-0.007,0.671,2.000,0.766
3.280,205,DRIVE,-10.808,-7.015,0.057,-9.380,-1.790,5.416,0.350,0.010,0.641,2.000,0.740
3.360,210,DRIVE,-10.780,-7.013,0.058,-9.380,-1.790,5.408,0.350,0.011,0.610,2.000,0.708
3.440,215,DRIVE,-10.752,-7.012,0.058,-9.380,-1.790,5.399,0.350,0.011,0.580,2.000,0.673
3.520,220,DRIVE,-10.724,-7.010,0.059,-9.380,-1.790,5.390,0.350,0.011,0.549,2.000,0.642
3.600,225,DRIVE,-10.697,-7.008,0.060,-9.380,-1.790,5.382,0.350,0.010,0.519,2.000,0.608
3.680,230,DRIVE,-10.669,-7.007,0.061,-9.380,-1.790,5.373,0.350,0.009,0.488,2.000,0.580
3.760,235,DRIVE,-10.641,-7.005,0.061,-9.380,-1.790,5.365,0.350,0.009,0.461,2.000,0.553
3.840,240,DRIVE,-10.613,-7.003,0.062,-9.380,-1.790,5.357,0.350,0.009,0.449,2.000,0.518
3.920,245,DRIVE,-10.585,-7.001,0.063,-9.380,-1.790,5.349,0.350,0.009,0.438,2.000,0.517
4.000,250,DRIVE,-10.557,-7.000,0.063,-9.380,-1.790,5.341,0.350,0.009,0.426,2.000,0.485
4.080,255,DRIVE,-10.529,-6.998,0.064,-9.380,-1.790,5.333,0.350,0.009,0.415,2.000,0.450
4.160,260,DRIVE,-10.501,-6.996,0.065,-9.380,-1.790,5.325,0.350,0.009,0.403,2.000,0.430
4.240,265,DRIVE,-10.473,-6.994,0.065,-9.380,-1.790,5.318,0.350,0.008,0.392,2.000,0.399
4.320,270,DRIVE,-10.445,-6.992,0.066,-9.380,-1.790,5.310,0.350,0.008,0.380,2.000,0.372
4.400,275,DRIVE,-10.418,-6.991,0.066,-9.380,-1.790,5.303,0.350,0.004,0.369,2.000,0.335
4.480,280,DRIVE,-10.390,-6.989,0.067,-9.380,-1.790,5.296,0.350,0.004,0.358,2.000,0.304
4.560,285,DRIVE,-10.362,-6.987,0.067,-9.380,-1.790,5.289,0.350,0.004,0.347,2.000,0.281
4.640,290,DRIVE,-10.334,-6.985,0.067,-9.380,-1.790,5.282,0.350,0.004,1.102,2.000,0.251
4.720,295,DRIVE,-10.306,-6.983,0.067,-9.380,-1.790,5.275,0.350,0.003,1.091,2.000,0.229
4.800,300,DRIVE,-10.278,-6.981,0.068,-9.380,-1.790,5.268,0.350,0.003,1.079,2.000,0.220
4.880,305,DRIVE,-10.250,-6.979,0.068,-9.380,-1.790,5.262,0.350,0.003,1.067,2.000,0.220
4.960,310,DRIVE,-10.222,-6.977,0.068,-9.380,-1.790,5.255,0.350,0.000,1.056,2.000,0.201
5.040,315,DRIVE,-10.195,-6.974,0.162,-9.380,-1.790,5.248,0.301,-0.388,0.179,2.000,0.201
5.120,320,DRIVE,-10.171,-6.969,0.247,-9.380,-1.790,5.239,0.155,-1.128,0.116,2.000,0.212
5.760,360,DRIVE,-10.154,-6.962,0.118,-9.380,-1.790,5.230,0.200,-1.159,0.840,2.000,0.210
5.840,365,DRIVE,-10.153,-6.962,0.023,-9.380,-1.790,5.229,0.350,-0.918,1.437,2.000,0.202
5.920,370,DRIVE,-10.145,-6.963,-0.132,-9.380,-1.790,5.229,0.350,-0.527,2.000,2.000,0.204
6.000,375,DRIVE,-10.134,-6.965,-0.293,-9.380,-1.790,5.230,0.350,-0.096,2.000,2.000,0.207
6.080,380,DRIVE,-10.121,-6.970,-0.407,-9.380,-1.790,5.233,0.350,0.233,2.000,2.000,0.208
6.160,385,DRIVE,-10.107,-6.977,-0.473,-9.380,-1.790,5.238,0.200,0.827,2.000,2.000,0.217
6.240,390,DRIVE,-10.094,-6.984,-0.492,-9.380,-1.790,5.243,0.200,0.942,2.000,2.000,0.225
6.320,395,DRIVE,-10.080,-6.991,-0.463,-9.380,-1.790,5.248,0.200,0.968,2.000,2.000,0.235
6.400,400,DRIVE,-10.066,-6.998,-0.405,-9.380,-1.790,5.253,0.350,0.936,2.000,2.000,0.216
6.480,405,DRIVE,-10.047,-7.005,-0.346,-9.380,-1.790,5.257,0.350,0.919,2.000,2.000,0.202
6.560,410,DRIVE,-10.022,-7.013,-0.285,-9.380,-1.790,5.262,0.350,0.909,2.000,2.000,0.200
6.640,415,DRIVE,-9.995,-7.020,-0.226,-9.380,-1.790,5.266,0.350,0.853,2.000,2.000,0.210
6.720,420,DRIVE,-9.968,-7.025,-0.170,-9.380,-1.790,5.268,0.350,0.809,2.000,2.000,0.200
6.800,425,DRIVE,-9.940,-7.029,-0.114,-9.380,-1.790,5.269,0.350,0.780,2.000,2.000,0.208
6.880,430,DRIVE,-9.912,-7.031,-0.065,-9.380,-1.790,5.268,0.350,0.428,2.000,2.000,0.208
6.960,435,DRIVE,-9.884,-7.032,-0.034,-9.380,-1.790,5.267,0.350,0.434,2.000,2.000,0.210
7.040,440,DRIVE,-9.856,-7.033,-0.002,-9.380,-1.790,5.264,0.350,0.440,2.000,2.000,0.220
7.120,445,DRIVE,-9.829,-7.032,0.031,-9.380,-1.790,5.261,0.350,0.446,1.974,2.000,0.224
7.200,450,DRIVE,-9.801,-7.031,0.062,-9.380,-1.790,5.258,0.350,0.408,1.640,2.000,0.227
7.280,455,DRIVE,-9.773,-7.029,0.090,-9.380,-1.790,5.253,0.350,0.381,1.415,2.000,0.245
7.360,460,DRIVE,-9.745,-7.026,0.117,-9.380,-1.790,5.248,0.350,0.363,1.248,2.000,0.259
7.440,465,DRIVE,-9.717,-7.022,0.140,-9.380,-1.790,5.243,0.350,0.044,1.125,2.000,0.281
7.520,470,DRIVE,-9.690,-7.018,0.143,-9.380,-1.790,5.237,0.350,0.045,1.096,2.000,0.291
7.600,475,DRIVE,-9.662,-7.014,0.146,-9.380,-1.790,5.232,0.350,0.046,1.067,2.000,0.311
7.680,480,DRIVE,-9.634,-7.010,0.149,-9.380,-1.790,5.226,0.350,0.047,1.039,2.000,0.337
7.760,485,DRIVE,-9.607,-7.006,0.152,-9.380,-1.790,5.221,0.350,0.044,1.011,2.000,0.340
7.840,490,DRIVE,-9.579,-7.001,0.155,-9.380,-1.790,5.215,0.350,0.041,0.983,2.000,0.335
7.920,495,DRIVE,-9.551,-6.997,0.158,-9.380,-1.790,5.210,0.350,0.039,0.957,2.000,0.330
8.000,500,DRIVE,-9.524,-6.993,0.159,-9.380,-1.790,5.205,0.350,-0.078,0.937,2.000,0.326
8.080,505,DRIVE,-9.496,-6.988,0.154,-9.380,-1.790,5.200,0.350,-0.080,0.939,2.000,0.322
8.160,510,DRIVE,-9.469,-6.984,0.148,-9.380,-1.790,5.195,0.350,-0.082,0.942,2.000,0.315
8.240,515,DRIVE,-9.441,-6.980,0.143,-9.380,-1.790,5.190,0.350,-0.084,0.946,2.000,0.312
8.320,520,DRIVE,-9.413,-6.976,0.137,-9.380,-1.790,5.186,0.350,-0.078,0.951,2.000,0.312
8.400,525,DRIVE,-9.386,-6.972,0.132,-9.380,-1.790,5.182,0.350,-0.073,0.955,2.000,0.306
8.480,530,DRIVE,-9.358,-6.969,0.126,-9.380,-1.790,5.179,0.350,-0.070,0.959,2.000,0.302
8.560,535,DRIVE,-9.330,-6.965,0.122,-9.380,-1.790,5.176,0.350,-0.066,0.963,2.000,0.300
8.640,540,DRIVE,-9.302,-6.962,0.117,-9.380,-1.790,5.173,0.350,-0.067,0.967,2.000,0.295
8.720,545,DRIVE,-9.275,-6.959,0.112,-9.380,-1.790,5.170,0.350,-0.068,0.972,2.000,0.292
8.800,550,DRIVE,-9.247,-6.956,0.107,-9.380,-1.790,5.168,0.350,-0.070,0.979,2.000,0.286
8.880,555,DRIVE,-9.219,-6.953,0.102,-9.380,-1.790,5.165,0.350,-0.066,0.987,2.000,0.283
8.960,560,DRIVE,-9.191,-6.950,0.098,-9.380,-1.790,5.164,0.350,-0.061,0.994,2.000,0.280
9.040,565,DRIVE,-9.163,-6.948,0.094,-9.380,-1.790,5.162,0.350,-0.058,1.000,2.000,0.277
9.120,570,DRIVE,-9.135,-6.945,0.090,-9.380,-1.790,5.161,0.350,-0.025,1.005,2.000,0.273
9.200,575,DRIVE,-9.108,-6.943,0.088,-9.380,-1.790,5.160,0.350,-0.025,1.001,2.000,0.270
9.280,580,DRIVE,-9.080,-6.940,0.086,-9.380,-1.790,5.159,0.350,-0.025,0.997,2.000,0.270
9.360,585,DRIVE,-9.052,-6.938,0.085,-9.380,-1.790,5.158,0.350,-0.026,0.994,2.000,0.267
9.440,590,DRIVE,-9.024,-6.935,0.083,-9.380,-1.790,5.158,0.350,-0.024,0.991,2.000,0.262
9.520,595,DRIVE,-8.996,-6.933,0.081,-9.380,-1.790,5.157,0.350,-0.023,0.987,2.000,0.259
9.600,600,DRIVE,-8.968,-6.931,0.079,-9.380,-1.790,5.157,0.350,-0.021,0.983,2.000,0.257
9.680,605,DRIVE,-8.940,-6.929,0.078,-9.380,-1.790,5.157,0.350,0.001,0.979,2.000,0.260
9.760,610,DRIVE,-8.913,-6.926,0.078,-9.380,-1.790,5.158,0.350,0.001,0.968,2.000,0.253
9.840,615,DRIVE,-8.885,-6.924,0.078,-9.380,-1.790,5.158,0.350,0.001,0.956,2.000,0.250
9.920,620,DRIVE,-8.857,-6.922,0.078,-9.380,-1.790,5.159,0.350,0.001,0.944,2.000,0.245
10.000,625,DRIVE,-8.829,-6.920,0.078,-9.380,-1.790,5.159,0.350,0.001,0.933,2.000,0.245
10.080,630,DRIVE,-8.801,-6.918,0.078,-9.380,-1.790,5.160,0.350,0.001,0.921,2.000,0.240
10.160,635,DRIVE,-8.773,-6.916,0.078,-9.380,-1.790,5.161,0.350,0.001,0.909,2.000,0.240
10.240,640,DRIVE,-8.745,-6.913,0.078,-9.380,-1.790,5.163,0.350,0.007,0.897,2.000,0.237
10.320,645,DRIVE,-8.718,-6.911,0.079,-9.380,-1.790,5.164,0.350,0.007,0.884,2.000,0.237
10.400,650,DRIVE,-8.690,-6.909,0.079,-9.380,-1.790,5.165,0.350,0.007,0.870,2.000,0.233
10.480,655,DRIVE,-8.662,-6.907,0.080,-9.380,-1.790,5.167,0.350,0.007,0.856,2.000,0.233
10.560,660,DRIVE,-8.634,-6.904,0.081,-9.380,-1.790,5.169,0.350,0.007,0.842,2.000,0.230
10.640,665,DRIVE,-8.606,-6.902,0.081,-9.380,-1.790,5.170,0.350,0.006,0.829,2.000,0.229
10.720,670,DRIVE,-8.578,-6.900,0.082,-9.380,-1.790,5.172,0.350,0.006,0.815,2.000,0.225
10.800,675,DRIVE,-8.550,-6.898,0.082,-9.380,-1.790,5.175,0.350,0.006,0.802,2.000,0.222
10.880,680,DRIVE,-8.522,-6.895,0.082,-9.380,-1.790,5.177,0.350,0.005,0.788,2.000,0.221
10.960,685,DRIVE,-8.495,-6.893,0.083,-9.380,-1.790,5.179,0.350,0.005,0.775,2.000,0.220
11.040,690,DRIVE,-8.467,-6.891,0.083,-9.380,-1.790,5.182,0.350,0.005,0.762,2.000,0.216
11.120,695,DRIVE,-8.439,-6.888,0.083,-9.380,-1.790,5.185,0.350,0.004,0.749,2.000,0.217
11.200,700,DRIVE,-8.411,-6.886,0.084,-9.380,-1.790,5.187,0.350,0.004,0.736,2.000,0.210
11.280,705,DRIVE,-8.383,-6.884,0.084,-9.380,-1.790,5.190,0.350,0.004,0.723,2.000,0.209
11.360,710,DRIVE,-8.355,-6.881,0.084,-9.380,-1.790,5.193,0.350,0.004,0.710,2.000,0.206
11.440,715,DRIVE,-8.328,-6.879,0.084,-9.380,-1.790,5.197,0.350,0.001,0.698,2.000,0.205
11.520,720,DRIVE,-8.300,-6.877,0.084,-9.380,-1.790,5.200,0.350,0.001,0.686,2.000,0.208
11.600,725,DRIVE,-8.272,-6.874,0.084,-9.380,-1.790,5.204,0.350,0.001,0.674,2.000,0.201
11.680,730,DRIVE,-8.244,-6.872,0.085,-9.380,-1.790,5.207,0.350,0.001,0.661,2.000,0.201
11.760,735,DRIVE,-8.216,-6.870,0.085,-9.380,-1.790,5.211,0.350,0.001,0.649,2.000,0.200
11.840,740,DRIVE,-8.188,-6.867,0.085,-9.380,-1.790,5.215,0.350,0.001,0.637,2.000,0.201
11.920,745,DRIVE,-8.160,-6.865,0.085,-9.380,-1.790,5.219,0.350,0.001,0.625,2.000,0.202
12.000,750,DRIVE,-8.133,-6.863,0.085,-9.380,-1.790,5.224,0.350,-0.000,0.613,2.000,0.201
12.080,755,DRIVE,-8.105,-6.860,0.085,-9.380,-1.790,5.228,0.350,-0.000,0.601,2.000,0.228
12.160,760,DRIVE,-8.077,-6.858,0.085,-9.380,-1.790,5.233,0.350,-0.000,0.589,2.000,0.208
12.240,765,DRIVE,-8.049,-6.855,0.085,-9.380,-1.790,5.237,0.350,-0.000,0.577,2.000,0.200
12.320,770,DRIVE,-8.021,-6.853,0.085,-9.380,-1.790,5.242,0.350,-0.000,0.565,2.000,0.203
12.400,775,DRIVE,-7.993,-6.851,0.085,-9.380,-1.790,5.247,0.350,-0.000,0.553,2.000,0.200
12.480,780,DRIVE,-7.965,-6.848,0.085,-9.380,-1.790,5.252,0.350,-0.000,0.541,2.000,0.214
12.560,785,DRIVE,-7.938,-6.846,0.085,-9.380,-1.790,5.258,0.350,-0.001,0.529,2.000,0.231
12.640,790,DRIVE,-7.910,-6.844,0.085,-9.380,-1.790,5.263,0.350,-0.001,0.518,2.000,0.208
12.720,795,DRIVE,-7.882,-6.841,0.085,-9.380,-1.790,5.269,0.350,-0.001,0.506,2.000,0.201
12.800,800,DRIVE,-7.854,-6.839,0.085,-9.380,-1.790,5.274,0.350,-0.001,0.494,2.000,0.203
12.880,805,DRIVE,-7.826,-6.837,0.085,-9.380,-1.790,5.280,0.350,-0.001,0.482,2.000,0.210
12.960,810,DRIVE,-7.798,-6.834,0.084,-9.380,-1.790,5.286,0.350,-0.001,0.470,2.000,0.211
13.040,815,DRIVE,-7.770,-6.832,0.084,-9.380,-1.790,5.292,0.350,-0.001,0.458,2.000,0.203
13.120,820,DRIVE,-7.743,-6.829,0.084,-9.380,-1.790,5.299,0.350,-0.000,0.447,2.000,0.201
13.200,825,DRIVE,-7.715,-6.827,0.084,-9.380,-1.790,5.305,0.350,-0.000,0.435,2.000,0.201
13.280,830,DRIVE,-7.687,-6.825,0.084,-9.380,-1.790,5.312,0.350,-0.000,0.423,2.000,0.208
13.360,835,DRIVE,-7.659,-6.822,0.084,-9.380,-1.790,5.318,0.350,-0.000,0.411,2.000,0.208
13.440,840,DRIVE,-7.631,-6.820,0.084,-9.380,-1.790,5.325,0.350,-0.000,0.399,2.000,0.200
13.520,845,DRIVE,-7.603,-6.818,0.084,-9.380,-1.790,5.332,0.350,-0.000,0.387,2.000,0.202
13.600,850,DRIVE,-7.575,-6.815,0.084,-9.380,-1.790,5.339,0.350,-0.000,0.375,2.000,0.201
13.680,855,DRIVE,-7.548,-6.813,0.084,-9.380,-1.790,5.347,0.350,-0.000,0.364,2.000,0.211
13.760,860,DRIVE,-7.520,-6.811,0.084,-9.380,-1.790,5.354,0.350,-0.000,0.352,2.000,0.201
13.840,865,DRIVE,-7.492,-6.808,0.084,-9.380,-1.790,5.362,0.350,-0.000,0.340,2.000,0.202
13.920,870,DRIVE,-7.464,-6.806,0.084,-9.380,-1.790,5.369,0.350,-0.000,2.000,2.000,0.206
14.000,875,DRIVE,-7.436,-6.804,0.084,-9.380,-1.790,5.377,0.350,-0.000,2.000,2.000,0.200
14.080,880,DRIVE,-7.408,-6.801,0.084,-9.380,-1.790,5.385,0.350,-0.000,2.000,2.000,0.210
14.160,885,DRIVE,-7.380,-6.799,0.084,-9.380,-1.790,5.393,0.350,0.000,2.000,2.000,0.208
14.240,890,DRIVE,-7.353,-6.796,0.084,-9.380,-1.790,5.401,0.350,0.000,2.000,2.000,0.200
14.320,895,DRIVE,-7.325,-6.794,0.084,-9.380,-1.790,5.410,0.350,0.000,2.000,2.000,0.205
14.400,900,DRIVE,-7.297,-6.792,0.084,-9.380,-1.790,5.418,0.350,0.000,2.000,2.000,0.201
14.480,905,DRIVE,-7.269,-6.789,0.084,-9.380,-1.790,5.427,0.350,0.001,2.000,2.000,0.203
14.560,910,DRIVE,-7.241,-6.787,0.084,-9.380,-1.790,5.436,0.350,0.001,2.000,2.000,0.233
14.640,915,DRIVE,-7.213,-6.785,0.084,-9.380,-1.790,5.444,0.350,0.001,2.000,2.000,0.233
14.720,920,DRIVE,-7.186,-6.782,0.084,-9.380,-1.790,5.453,0.350,0.001,2.000,2.000,0.225
14.800,925,DRIVE,-7.158,-6.780,0.084,-9.380,-1.790,5.463,0.350,0.000,2.000,2.000,0.201
14.880,930,DRIVE,-7.130,-6.778,0.084,-9.380,-1.790,5.472,0.350,0.000,2.000,2.000,0.202
14.960,935,DRIVE,-7.102,-6.775,0.084,-9.380,-1.790,5.481,0.350,0.000,2.000,2.000,0.205
15.040,940,DRIVE,-7.074,-6.773,0.084,-9.380,-1.790,5.491,0.350,0.000,2.000,2.000,0.222
15.120,945,DRIVE,-7.046,-6.771,0.084,-9.380,-1.790,5.500,0.350,0.000,2.000,2.000,0.214
15.200,950,DRIVE,-7.018,-6.768,0.084,-9.380,-1.790,5.510,0.350,0.000,2.000,2.000,0.201
15.280,955,DRIVE,-6.991,-6.766,0.084,-9.380,-1.790,5.520,0.350,0.000,2.000,2.000,0.201
15.360,960,DRIVE,-6.963,-6.764,0.084,-9.380,-1.790,5.530,0.350,0.000,2.000,2.000,0.203
15.440,965,DRIVE,-6.935,-6.761,0.084,-9.380,-1.790,5.540,0.350,0.000,2.000,2.000,0.227
15.520,970,DRIVE,-6.907,-6.759,0.084,-9.380,-1.790,5.550,0.350,0.000,2.000,2.000,0.225
15.600,975,DRIVE,-6.879,-6.756,0.084,-9.380,-1.790,5.561,0.350,0.000,2.000,2.000,0.249
15.680,980,DRIVE,-6.851,-6.754,0.084,-9.380,-1.790,5.571,0.350,0.000,2.000,2.000,0.281
15.760,985,DRIVE,-6.823,-6.752,0.084,-9.380,-1.790,5.582,0.350,0.000,2.000,2.000,0.313
15.840,990,DRIVE,-6.796,-6.749,0.084,-9.380,-1.790,5.592,0.350,0.000,2.000,2.000,0.345
15.920,995,DRIVE,-6.768,-6.747,0.087,-9.380,-1.790,5.603,0.200,2.637,2.000,2.000,0.365
16.000,1000,DRIVE,-6.740,-6.744,0.132,-9.380,-1.790,5.614,0.200,2.717,2.000,2.000,0.399
16.080,1005,DRIVE,-6.713,-6.739,0.223,-9.380,-1.790,5.622,0.200,2.752,2.000,2.000,0.430
16.160,1010,DRIVE,-6.690,-6.732,0.345,-9.380,-1.790,5.627,0.200,2.759,2.000,2.000,0.453
16.240,1015,DRIVE,-6.672,-6.723,0.497,-9.380,-1.790,5.628,0.200,2.743,2.000,2.000,0.479
16.320,1020,DRIVE,-6.657,-6.714,0.662,-9.380,-1.790,5.626,0.200,2.703,2.000,2.000,0.494
16.400,1025,DRIVE,-6.646,-6.703,0.828,-9.380,-1.790,5.622,0.200,2.644,2.000,2.000,0.501
16.480,1030,DRIVE,-6.636,-6.690,0.988,-9.380,-1.790,5.616,0.200,2.579,2.000,2.000,0.505
16.560,1035,DRIVE,-6.630,-6.678,1.161,-9.380,-1.790,5.609,0.000,2.500,2.000,2.000,0.512
16.640,1040,DRIVE,-6.627,-6.671,1.350,-9.380,-1.790,5.604,0.000,2.500,2.000,2.000,0.518
16.720,1045,DRIVE,-6.627,-6.666,1.533,-9.380,-1.790,5.600,0.200,1.266,2.000,2.000,0.524
16.800,1050,DRIVE,-6.627,-6.658,1.688,-9.380,-1.790,5.592,0.200,1.036,2.000,1.827,0.527
16.880,1055,DRIVE,-6.630,-6.647,1.803,-9.380,-1.790,5.582,0.200,0.865,2.000,2.000,0.531
16.960,1060,DRIVE,-6.634,-6.633,1.890,-9.380,-1.790,5.567,0.350,0.752,0.868,2.000,0.530
17.040,1065,DRIVE,-6.641,-6.613,1.973,-9.380,-1.790,5.546,0.350,0.658,0.730,2.000,0.523
17.120,1070,DRIVE,-6.652,-6.590,2.034,-9.380,-1.790,5.521,0.350,0.616,0.642,2.000,0.517
17.200,1075,DRIVE,-6.665,-6.566,2.073,-9.380,-1.790,5.494,0.350,0.590,0.583,2.000,0.510
17.280,1080,DRIVE,-6.679,-6.542,2.107,-9.380,-1.790,5.466,0.350,0.569,0.532,2.000,0.488
17.360,1085,DRIVE,-6.694,-6.518,2.140,-9.380,-1.790,5.438,0.350,0.561,0.486,2.000,0.471
17.440,1090,DRIVE,-6.709,-6.495,2.172,-9.380,-1.790,5.410,0.350,0.069,0.442,2.000,0.451
17.520,1095,DRIVE,-6.725,-6.472,2.182,-9.380,-1.790,5.382,0.350,0.059,0.411,2.000,0.440
17.600,1100,DRIVE,-6.741,-6.449,2.185,-9.380,-1.790,5.354,0.350,0.062,0.384,2.000,0.422
17.680,1105,DRIVE,-6.758,-6.426,2.189,-9.380,-1.790,5.327,0.350,0.066,0.356,2.000,0.407
17.760,1110,DRIVE,-6.774,-6.403,2.192,-9.380,-1.790,5.299,0.350,0.064,0.329,0.619,0.394
17.840,1115,DRIVE,-6.790,-6.381,2.196,-9.380,-1.790,5.271,0.350,0.063,0.301,0.578,0.365
17.920,1120,DRIVE,-6.807,-6.358,2.199,-9.380,-1.790,5.243,0.350,0.062,0.274,0.538,0.365
18.000,1125,DRIVE,-6.823,-6.336,2.201,-9.380,-1.790,5.215,0.350,-0.127,0.247,0.499,0.333
18.080,1130,DRIVE,-6.839,-6.313,2.194,-9.380,-1.790,5.188,0.350,-0.133,0.224,0.471,0.309
18.160,1135,DRIVE,-6.856,-6.290,2.186,-9.380,-1.790,5.160,0.349,-0.143,0.200,0.442,0.283
18.240,1140,DRIVE,-6.871,-6.269,2.174,-9.380,-1.790,5.134,0.300,-0.298,0.179,0.419,0.250
18.320,1145,DRIVE,-6.883,-6.250,2.155,-9.380,-1.790,5.111,0.262,-0.379,0.162,0.407,0.235
18.400,1150,DRIVE,-6.894,-6.233,2.132,-9.380,-1.790,5.091,0.232,-0.417,0.150,2.000,0.220
18.480,1155,DRIVE,-6.903,-6.218,2.108,-9.380,-1.790,5.073,0.209,-0.425,0.139,2.000,0.213
18.560,1160,DRIVE,-6.911,-6.204,2.083,-9.380,-1.790,5.057,0.189,-0.413,0.131,2.000,0.202
18.640,1165,DRIVE,-6.918,-6.191,2.059,-9.380,-1.790,5.043,0.172,-0.387,0.124,2.000,0.202
18.720,1170,DRIVE,-6.924,-6.179,2.037,-9.380,-1.790,5.030,0.157,-0.352,0.117,2.000,0.238
18.800,1175,DRIVE,-6.930,-6.168,2.009,-9.380,-1.790,5.017,0.148,-0.451,0.113,1.600,0.222
18.880,1180,DRIVE,-6.934,-6.158,1.983,-9.380,-1.790,5.006,0.140,-0.403,0.110,1.560,0.204
18.960,1185,DRIVE,-6.939,-6.148,1.958,-9.380,-1.790,4.995,0.140,-0.328,0.110,1.545,0.200
19.040,1190,DRIVE,-6.943,-6.137,1.933,-9.380,-1.790,4.984,0.152,-0.202,0.115,1.389,0.211
19.120,1195,DRIVE,-6.947,-6.125,1.907,-9.380,-1.790,4.971,0.167,-0.051,0.122,2.000,0.245
19.200,1200,DRIVE,-6.952,-6.112,1.901,-9.380,-1.790,4.958,0.175,0.041,0.125,1.329,0.225
19.280,1205,DRIVE,-6.956,-6.099,1.888,-9.380,-1.790,4.944,0.182,0.163,0.128,1.306,0.204
19.360,1210,DRIVE,-6.960,-6.085,1.880,-9.380,-1.790,4.929,0.187,0.273,0.130,2.000,0.200
19.440,1215,DRIVE,-6.965,-6.071,1.885,-9.380,-1.790,4.915,0.182,0.294,0.128,2.000,0.210
19.520,1220,DRIVE,-6.970,-6.057,1.908,-9.380,-1.790,4.901,0.168,0.239,0.122,2.000,0.233
19.600,1225,DRIVE,-6.974,-6.045,1.921,-9.380,-1.790,4.888,0.160,0.225,0.118,2.000,0.212
19.680,1230,DRIVE,-6.978,-6.034,1.931,-9.380,-1.790,4.876,0.152,0.220,0.115,2.000,0.201
19.760,1235,DRIVE,-6.983,-6.022,1.944,-9.380,-1.790,4.864,0.140,0.199,0.110,2.000,0.203
19.840,1240,DRIVE,-6.987,-6.012,1.954,-9.380,-1.790,4.853,0.133,0.205,0.107,2.000,0.201
19.920,1245,DRIVE,-6.991,-6.002,1.968,-9.380,-1.790,4.843,0.129,0.207,0.105,1.446,0.203
20.000,1250,DRIVE,-6.995,-5.993,1.985,-9.380,-1.790,4.833,0.121,0.193,0.102,1.401,0.218
20.080,1255,DRIVE,-6.999,-5.984,1.982,-9.380,-1.790,4.823,0.120,-0.305,0.102,1.404,0.202
20.160,1260,DRIVE,-7.003,-5.975,1.953,-9.380,-1.790,4.813,0.138,-0.160,0.109,2.000,0.200
20.240,1265,DRIVE,-7.007,-5.964,1.940,-9.380,-1.790,4.802,0.149,-0.059,0.114,2.000,0.200
20.320,1270,DRIVE,-7.011,-5.953,1.929,-9.380,-1.790,4.790,0.148,0.010,0.114,2.000,0.203
20.400,1275,DRIVE,-7.016,-5.940,1.923,-9.380,-1.790,4.776,0.350,0.731,2.000,2.000,0.220
20.480,1280,DRIVE,-7.023,-5.922,1.926,-9.380,-1.790,4.757,0.350,0.828,2.000,1.128,0.220
20.560,1285,DRIVE,-7.031,-5.900,1.950,-9.380,-1.790,4.734,0.350,0.914,2.000,1.136,0.236
20.640,1290,DRIVE,-7.042,-5.875,2.021,-9.380,-1.790,4.707,0.350,0.816,2.000,1.192,0.205
20.720,1295,DRIVE,-7.055,-5.851,2.106,-9.380,-1.790,4.679,0.350,0.679,2.000,1.293,0.203
20.800,1300,DRIVE,-7.071,-5.828,2.205,-9.380,-1.790,4.651,0.350,0.493,2.000,2.000,0.213
20.880,1305,DRIVE,-7.088,-5.805,2.236,-9.380,-1.790,4.623,0.350,-0.036,2.000,2.000,0.212
20.960,1310,DRIVE,-7.106,-5.784,2.259,-9.380,-1.790,4.596,0.350,-0.098,2.000,2.000,0.200
21.040,1315,DRIVE,-7.123,-5.762,2.269,-9.380,-1.790,4.568,0.350,-0.146,2.000,2.000,0.200
21.120,1320,DRIVE,-7.141,-5.741,2.272,-9.380,-1.790,4.541,0.350,-0.188,2.000,2.000,0.214
21.200,1325,DRIVE,-7.160,-5.719,2.272,-9.380,-1.790,4.513,0.350,-0.214,2.000,2.000,0.225
21.280,1330,DRIVE,-7.178,-5.698,2.272,-9.380,-1.790,4.486,0.350,-0.246,2.000,2.000,0.208
21.360,1335,DRIVE,-7.196,-5.677,2.273,-9.380,-1.790,4.458,0.350,-0.288,2.000,2.000,0.200
21.440,1340,DRIVE,-7.214,-5.655,2.273,-9.380,-1.790,4.431,0.350,-0.347,2.000,2.000,0.201
21.520,1345,DRIVE,-7.232,-5.634,2.273,-9.380,-1.790,4.404,0.350,-0.413,2.000,2.000,0.217
21.600,1350,DRIVE,-7.250,-5.613,2.273,-9.380,-1.790,4.376,0.350,-0.499,2.000,2.000,0.222
21.680,1355,DRIVE,-7.268,-5.591,2.272,-9.380,-1.790,4.349,0.350,-0.611,2.000,2.000,0.203
21.760,1360,DRIVE,-7.286,-5.570,2.271,-9.380,-1.790,4.321,0.350,-0.684,2.000,2.000,0.201
21.840,1365,DRIVE,-7.304,-5.549,2.271,-9.380,-1.790,4.294,0.350,-0.777,2.000,2.000,0.202
21.920,1370,DRIVE,-7.322,-5.527,2.270,-9.380,-1.790,4.266,0.350,-0.896,2.000,2.000,0.220
22.000,1375,DRIVE,-7.340,-5.506,2.269,-9.380,-1.790,4.239,0.350,-0.562,2.000,2.000,0.238
22.080,1380,DRIVE,-7.358,-5.484,2.268,-9.380,-1.790,4.212,0.350,-0.662,2.000,2.000,0.201
22.160,1385,DRIVE,-7.376,-5.463,2.267,-9.380,-1.790,4.184,0.350,-0.790,2.000,2.000,0.201
22.240,1390,DRIVE,-7.394,-5.442,2.266,-9.380,-1.790,4.157,0.350,-0.957,2.000,2.000,0.200
22.320,1395,DRIVE,-7.412,-5.420,2.265,-9.380,-1.790,4.129,0.200,-1.092,2.000,2.000,0.205
22.400,1400,DRIVE,-7.427,-5.402,2.266,-9.380,-1.790,4.106,0.200,-1.208,2.000,2.000,0.224
22.480,1405,DRIVE,-7.439,-5.388,2.265,-9.380,-1.790,4.088,0.200,-1.308,2.000,2.000,0.217
22.560,1410,DRIVE,-7.449,-5.375,2.264,-9.380,-1.790,4.072,0.200,-1.407,2.000,2.000,0.201
22.640,1415,DRIVE,-7.459,-5.363,2.263,-9.380,-1.790,4.057,0.200,-1.520,2.000,2.000,0.200
22.720,1420,DRIVE,-7.469,-5.351,2.261,-9.380,-1.790,4.041,0.200,-1.648,2.000,2.000,0.209
22.800,1425,DRIVE,-7.481,-5.337,2.260,-9.380,-1.790,4.023,0.200,-0.842,2.000,2.000,0.225
22.880,1430,DRIVE,-7.492,-5.322,2.259,-9.380,-1.790,4.005,0.200,-0.936,2.000,2.000,0.212
22.960,1435,DRIVE,-7.503,-5.310,2.258,-9.380,-1.790,3.989,0.200,-1.030,2.000,2.000,0.200
23.040,1440,DRIVE,-7.513,-5.298,2.257,-9.380,-1.790,3.974,0.200,-1.137,2.000,2.000,0.200
23.120,1445,DRIVE,-7.523,-5.285,2.256,-9.380,-1.790,3.958,0.200,-1.260,2.000,2.000,0.213
23.200,1450,DRIVE,-7.533,-5.273,2.255,-9.380,-1.790,3.942,0.200,-1.394,2.000,2.000,0.227
23.280,1455,DRIVE,-7.543,-5.261,2.254,-9.380,-1.790,3.927,0.200,-1.472,2.000,2.000,0.210
23.360,1460,DRIVE,-7.553,-5.248,2.252,-9.380,-1.790,3.911,0.200,-1.559,2.000,2.000,0.200
23.440,1465,DRIVE,-7.563,-5.236,2.251,-9.380,-1.790,3.895,0.200,-1.654,2.000,2.000,0.201
23.520,1470,DRIVE,-7.573,-5.223,2.250,-9.380,-1.790,3.880,0.200,-1.759,2.000,2.000,0.216
23.600,1475,DRIVE,-7.583,-5.211,2.249,-9.380,-1.790,3.864,0.200,-1.874,2.000,2.000,0.224
23.680,1480,DRIVE,-7.593,-5.198,2.248,-9.380,-1.790,3.848,0.200,-1.998,2.000,2.000,0.206
23.760,1485,DRIVE,-7.603,-5.186,2.244,-9.380,-1.790,3.833,0.200,-2.125,2.000,2.000,0.200
23.840,1490,DRIVE,-7.613,-5.173,2.234,-9.380,-1.790,3.817,0.200,-2.246,2.000,2.000,0.202
23.920,1495,DRIVE,-7.623,-5.161,2.232,-9.380,-1.790,3.801,0.200,-1.120,2.000,2.000,0.217
24.000,1500,DRIVE,-7.633,-5.148,2.241,-9.380,-1.790,3.786,0.200,-1.247,2.000,2.000,0.243
24.080,1505,DRIVE,-7.643,-5.136,2.243,-9.380,-1.790,3.770,0.200,-1.376,2.000,2.000,0.202
24.160,1510,DRIVE,-7.653,-5.123,2.244,-9.380,-1.790,3.754,0.200,-1.518,2.000,2.000,0.201
24.240,1515,DRIVE,-7.663,-5.111,2.245,-9.380,-1.790,3.739,0.200,-1.677,2.000,2.000,0.200
24.320,1520,DRIVE,-7.673,-5.098,2.245,-9.380,-1.790,3.723,0.200,-1.789,2.000,2.000,0.205
24.400,1525,DRIVE,-7.683,-5.086,2.245,-9.380,-1.790,3.707,0.200,-1.883,2.000,2.000,0.224
24.480,1530,DRIVE,-7.693,-5.073,2.244,-9.380,-1.790,3.692,0.000,-2.500,2.000,2.000,0.217
24.560,1535,DRIVE,-7.700,-5.064,2.216,-9.380,-1.790,3.680,0.000,-2.500,2.000,2.000,0.201
24.640,1540,DRIVE,-7.705,-5.056,2.086,-9.380,-1.790,3.671,0.200,-1.799,2.000,2.000,0.200
24.720,1545,DRIVE,-7.710,-5.044,1.881,-9.380,-1.790,3.657,0.200,-1.421,2.000,1.089,0.203
24.800,1550,DRIVE,-7.713,-5.028,1.732,-9.380,-1.790,3.642,0.200,-1.142,1.067,0.895,0.204
24.880,1555,DRIVE,-7.715,-5.011,1.632,-9.380,-1.790,3.626,0.350,-0.981,0.425,0.429,0.216
24.960,1560,DRIVE,-7.715,-4.988,1.544,-9.380,-1.790,3.606,0.350,0.420,0.624,0.627,0.214
25.040,1565,DRIVE,-7.714,-4.965,1.509,-9.380,-1.790,3.585,0.350,0.581,2.000,2.000,0.233
25.120,1570,DRIVE,-7.713,-4.939,1.531,-9.380,-1.790,3.563,0.350,0.636,1.669,2.000,0.235
25.200,1575,DRIVE,-7.712,-4.911,1.576,-9.380,-1.790,3.539,0.350,0.601,1.672,2.000,0.200
25.280,1580,DRIVE,-7.713,-4.884,1.619,-9.380,-1.790,3.514,0.350,0.556,2.000,2.000,0.221
25.360,1585,DRIVE,-7.715,-4.856,1.658,-9.380,-1.790,3.489,0.350,0.526,2.000,2.000,0.241
25.440,1590,DRIVE,-7.718,-4.828,1.694,-9.380,-1.790,3.463,0.350,0.600,2.000,2.000,0.266
25.520,1595,DRIVE,-7.722,-4.800,1.736,-9.380,-1.790,3.436,0.350,0.613,2.000,2.000,0.295
25.600,1600,DRIVE,-7.728,-4.773,1.779,-9.380,-1.790,3.410,0.350,0.628,0.915,2.000,0.324
25.680,1605,DRIVE,-7.734,-4.746,1.821,-9.380,-1.790,3.383,0.350,0.648,0.864,1.538,0.351
25.760,1610,DRIVE,-7.742,-4.719,1.864,-9.380,-1.790,3.356,0.350,0.630,0.866,1.446,0.376
25.840,1615,DRIVE,-7.750,-4.692,1.904,-9.380,-1.790,3.328,0.350,0.595,2.000,2.000,0.397
25.920,1620,DRIVE,-7.760,-4.666,1.941,-9.380,-1.790,3.301,0.350,0.575,2.000,2.000,0.429
26.000,1625,DRIVE,-7.771,-4.640,1.977,-9.380,-1.790,3.273,0.350,0.570,2.000,1.898,0.453
26.080,1630,DRIVE,-7.782,-4.615,2.000,-9.380,-1.790,3.245,0.350,0.296,2.000,1.879,0.483
26.160,1635,DRIVE,-7.794,-4.589,2.018,-9.380,-1.790,3.217,0.350,0.308,2.000,2.000,0.498
26.240,1640,DRIVE,-7.807,-4.564,2.037,-9.380,-1.790,3.189,0.350,0.323,2.000,2.000,0.480
26.320,1645,DRIVE,-7.819,-4.539,2.057,-9.380,-1.790,3.161,0.350,0.322,2.000,2.000,0.453
26.400,1650,DRIVE,-7.833,-4.515,2.076,-9.380,-1.790,3.134,0.350,0.308,2.000,2.000,0.425
26.480,1655,DRIVE,-7.847,-4.491,2.094,-9.380,-1.790,3.106,0.350,0.301,2.000,0.619,0.405
26.560,1660,DRIVE,-7.861,-4.467,2.111,-9.380,-1.790,3.078,0.350,0.302,2.000,0.569,0.384
26.640,1665,DRIVE,-7.875,-4.443,2.118,-9.380,-1.790,3.050,0.350,0.052,2.000,0.529,0.362
26.720,1670,DRIVE,-7.890,-4.419,2.121,-9.380,-1.790,3.022,0.350,0.054,2.000,0.492,0.346
26.800,1675,DRIVE,-7.905,-4.395,2.125,-9.380,-1.790,2.994,0.350,0.057,2.000,0.456,0.319
26.880,1680,DRIVE,-7.919,-4.371,2.128,-9.380,-1.790,2.966,0.350,0.057,2.000,0.419,0.300
26.960,1685,DRIVE,-7.934,-4.348,2.131,-9.380,-1.790,2.938,0.350,0.055,2.000,0.383,0.280
27.040,1690,DRIVE,-7.949,-4.324,2.134,-9.380,-1.790,2.910,0.350,0.054,2.000,0.350,0.261
27.120,1695,DRIVE,-7.964,-4.300,2.137,-9.380,-1.790,2.882,0.350,0.054,2.000,0.324,0.236
27.200,1700,DRIVE,-7.979,-4.277,2.136,-9.380,-1.790,2.854,0.350,-0.056,2.000,0.297,0.217
27.280,1705,DRIVE,-7.994,-4.253,2.132,-9.380,-1.790,2.826,0.350,-0.059,2.000,0.270,0.200
27.360,1710,DRIVE,-8.009,-4.229,2.129,-9.380,-1.790,2.798,0.350,-0.062,2.000,0.242,0.234
27.440,1715,DRIVE,-8.023,-4.206,2.125,-9.380,-1.790,2.770,0.350,-0.062,2.000,0.215,0.225
27.520,1720,DRIVE,-8.038,-4.182,2.122,-9.380,-1.790,2.743,0.322,0.027,2.000,0.188,0.202
27.600,1725,DRIVE,-8.051,-4.162,2.127,-9.380,-1.790,2.719,0.271,0.167,2.000,0.166,0.202
27.680,1730,DRIVE,-8.062,-4.144,2.139,-9.380,-1.790,2.698,0.232,0.249,2.000,0.149,0.200
27.760,1735,DRIVE,-8.071,-4.130,2.155,-9.380,-1.790,2.681,0.200,0.329,2.000,0.136,0.209
27.840,1740,DRIVE,-8.080,-4.117,2.174,-9.380,-1.790,2.666,0.175,0.352,2.000,0.125,0.200
27.920,1745,DRIVE,-8.087,-4.106,2.194,-9.380,-1.790,2.653,0.155,0.354,2.000,0.116,0.220
28.000,1750,DRIVE,-8.094,-4.097,2.214,-9.380,-1.790,2.641,0.138,0.341,2.000,0.109,0.227
28.080,1755,DRIVE,-8.101,-4.088,2.233,-9.380,-1.790,2.630,0.123,0.317,2.000,0.103,0.202
28.720,1795,DRIVE,-8.069,-4.130,2.073,-9.380,-1.790,2.683,0.176,0.257,2.000,0.126,0.217
28.800,1800,DRIVE,-8.065,-4.137,1.959,-9.380,-1.790,2.690,0.230,0.410,2.000,0.148,0.227
28.880,1805,DRIVE,-8.065,-4.139,1.838,-9.380,-1.790,2.692,0.350,0.359,2.000,2.000,0.211
28.960,1810,DRIVE,-8.066,-4.134,1.716,-9.380,-1.790,2.688,0.255,0.402,0.159,2.000,0.202
29.040,1815,DRIVE,-8.066,-4.129,1.632,-9.380,-1.790,2.682,0.201,0.474,0.136,0.806,0.212
29.120,1820,DRIVE,-8.066,-4.122,1.594,-9.380,-1.790,2.676,0.120,0.499,0.122,0.793,0.200
29.200,1825,DRIVE,-8.067,-4.114,1.605,-9.380,-1.790,2.669,0.120,0.455,0.115,0.786,0.206
29.280,1830,DRIVE,-8.067,-4.104,1.636,-9.380,-1.790,2.661,0.135,0.376,0.108,0.780,0.213
30.000,1875,DRIVE,-8.050,-4.150,2.160,-9.380,-1.790,2.709,0.249,-0.106,2.000,0.157,0.213
30.080,1880,DRIVE,-8.049,-4.151,2.289,-9.380,-1.790,2.710,0.334,-0.728,2.000,0.193,0.201
30.160,1885,DRIVE,-8.052,-4.148,2.418,-9.380,-1.790,2.707,0.200,-1.134,2.000,2.000,0.201
30.240,1890,DRIVE,-8.056,-4.146,2.498,-9.380,-1.790,2.702,0.200,-1.359,2.000,2.000,0.218
30.320,1895,DRIVE,-8.060,-4.143,2.530,-9.380,-1.790,2.698,0.200,-1.461,2.000,2.000,0.202
30.400,1900,DRIVE,-8.064,-4.140,2.523,-9.380,-1.790,2.693,0.200,-1.474,2.000,2.000,0.201
30.480,1905,DRIVE,-8.071,-4.135,2.492,-9.380,-1.790,2.685,0.200,-1.450,2.000,2.000,0.211
30.560,1910,DRIVE,-8.080,-4.127,2.438,-9.380,-1.790,2.674,0.200,-1.389,2.000,2.000,0.202
30.640,1915,DRIVE,-8.091,-4.117,2.360,-9.380,-1.790,2.660,0.200,-1.287,2.000,2.000,0.217
30.720,1920,DRIVE,-8.102,-4.105,2.282,-9.380,-1.790,2.644,0.122,-0.748,2.000,0.142,0.250
30.800,1925,DRIVE,-8.111,-4.094,2.220,-9.380,-1.790,2.631,0.120,-0.467,2.000,0.115,0.222
31.520,1970,DRIVE,-8.095,-4.138,1.661,-9.380,-1.790,2.676,0.258,0.193,0.161,0.829,0.211
31.600,1975,DRIVE,-8.095,-4.140,1.503,-9.380,-1.790,2.678,0.203,0.435,0.137,2.000,0.200
31.680,1980,DRIVE,-8.095,-4.140,1.391,-9.380,-1.790,2.679,0.200,1.196,0.217,2.000,0.200
31.760,1985,DRIVE,-8.095,-4.140,1.335,-9.380,-1.790,2.679,0.200,1.336,0.830,2.000,0.205
31.840,1990,DRIVE,-8.094,-4.138,1.315,-9.380,-1.790,2.677,0.200,1.400,0.823,2.000,0.213
31.920,1995,DRIVE,-8.093,-4.132,1.323,-9.380,-1.790,2.673,0.200,1.415,0.819,2.000,0.201
32.000,2000,DRIVE,-8.091,-4.124,1.357,-9.380,-1.790,2.666,0.200,1.384,2.000,2.000,0.202
32.080,2005,DRIVE,-8.089,-4.112,1.418,-9.380,-1.790,2.657,0.165,1.110,0.173,2.000,0.201
32.160,2010,DRIVE,-8.087,-4.100,1.486,-9.380,-1.790,2.647,0.120,0.522,0.108,2.000,0.223
32.800,2050,DRIVE,-8.075,-4.145,2.073,-9.380,-1.790,2.693,0.264,-0.168,2.000,0.163,0.228
32.880,2055,DRIVE,-8.073,-4.148,2.214,-9.380,-1.790,2.696,0.280,-0.596,2.000,0.170,0.200
32.960,2060,DRIVE,-8.074,-4.147,2.339,-9.380,-1.790,2.694,0.200,-1.155,2.000,0.209,0.200
33.040,2065,DRIVE,-8.076,-4.145,2.427,-9.380,-1.790,2.692,0.200,-1.387,2.000,2.000,0.212
33.120,2070,DRIVE,-8.078,-4.144,2.463,-9.380,-1.790,2.690,0.200,-1.487,2.000,2.000,0.201
33.200,2075,DRIVE,-8.081,-4.141,2.463,-9.380,-1.790,2.686,0.200,-1.510,2.000,2.000,0.201
33.280,2080,DRIVE,-8.087,-4.137,2.439,-9.380,-1.790,2.679,0.200,-1.496,2.000,2.000,0.212
33.360,2085,DRIVE,-8.094,-4.130,2.391,-9.380,-1.790,2.670,0.200,-1.444,2.000,2.000,0.200
33.440,2090,DRIVE,-8.104,-4.120,2.317,-9.380,-1.790,2.656,0.160,-1.127,2.000,0.170,0.202
33.520,2095,DRIVE,-8.112,-4.110,2.247,-9.380,-1.790,2.644,0.120,-0.796,2.000,0.139,0.213
33.600,2100,DRIVE,-8.118,-4.102,2.204,-9.380,-1.790,2.634,0.120,-0.608,2.000,0.120,0.223
33.680,2105,DRIVE,-8.124,-4.094,2.173,-9.380,-1.790,2.624,0.120,-0.483,2.000,0.105,0.201
34.320,2145,DRIVE,-8.108,-4.140,1.693,-9.380,-1.790,2.672,0.279,0.680,0.170,2.000,0.209
34.400,2150,DRIVE,-8.108,-4.145,1.534,-9.380,-1.790,2.677,0.130,0.898,0.147,2.000,0.200
34.480,2155,DRIVE,-8.108,-4.150,1.426,-9.380,-1.790,2.681,0.200,1.511,0.225,2.000,0.201
34.560,2160,DRIVE,-8.109,-4.153,1.363,-9.380,-1.790,2.684,0.200,1.620,2.000,2.000,0.209
34.640,2165,DRIVE,-8.109,-4.154,1.335,-9.380,-1.790,2.684,0.200,1.677,0.845,2.000,0.219
34.720,2170,DRIVE,-8.108,-4.151,1.336,-9.380,-1.790,2.682,0.200,1.702,0.843,2.000,0.201
34.800,2175,DRIVE,-8.107,-4.146,1.365,-9.380,-1.790,2.678,0.200,1.696,2.000,2.000,0.202
34.880,2180,DRIVE,-8.106,-4.137,1.420,-9.380,-1.790,2.671,0.200,1.621,2.000,2.000,0.201
34.960,2185,DRIVE,-8.104,-4.125,1.502,-9.380,-1.790,2.661,0.120,1.035,0.139,2.000,0.224
35.040,2190,DRIVE,-8.104,-4.114,1.573,-9.380,-1.790,2.652,0.120,0.761,0.118,0.863,0.212
35.120,2195,DRIVE,-8.104,-4.105,1.626,-9.380,-1.790,2.643,0.120,0.657,0.114,0.786,0.210
35.200,2200,DRIVE,-8.105,-4.095,1.670,-9.380,-1.790,2.634,0.120,0.565,0.110,0.783,0.215
35.280,2205,DRIVE,-8.106,-4.086,1.708,-9.380,-1.790,2.625,0.120,0.482,0.105,2.000,0.220
35.360,2210,DRIVE,-8.108,-4.076,1.729,-9.380,-1.790,2.616,0.120,0.455,0.101,2.000,0.224
35.440,2215,DRIVE,-8.109,-4.067,1.721,-9.380,-1.790,2.607,0.120,0.527,0.100,2.000,0.210
36.080,2255,DRIVE,-8.089,-4.117,2.224,-9.380,-1.790,2.661,0.263,-0.623,2.000,0.163,0.212
36.160,2260,DRIVE,-8.087,-4.119,2.357,-9.380,-1.790,2.664,0.200,-1.234,2.000,0.208,0.201
36.240,2265,DRIVE,-8.086,-4.120,2.450,-9.380,-1.790,2.665,0.200,-1.449,2.000,2.000,0.209
36.320,2270,DRIVE,-8.084,-4.121,2.493,-9.380,-1.790,2.667,0.200,-1.543,2.000,2.000,0.213
36.400,2275,DRIVE,-8.085,-4.120,2.510,-9.380,-1.790,2.666,0.200,-1.589,2.000,2.000,0.200
36.480,2280,DRIVE,-8.089,-4.118,2.502,-9.380,-1.790,2.662,0.200,-1.601,2.000,2.000,0.201
36.560,2285,DRIVE,-8.095,-4.113,2.472,-9.380,-1.790,2.655,0.200,-1.582,2.000,2.000,0.202
36.640,2290,DRIVE,-8.103,-4.106,2.418,-9.380,-1.790,2.645,0.200,-1.532,2.000,2.000,0.214
36.720,2295,DRIVE,-8.113,-4.096,2.337,-9.380,-1.790,2.631,0.167,-1.258,2.000,0.175,0.221
36.800,2300,DRIVE,-8.122,-4.086,2.259,-9.380,-1.790,2.619,0.120,-0.904,2.000,0.140,0.218
36.880,2305,DRIVE,-8.128,-4.078,2.211,-9.380,-1.790,2.608,0.163,-0.113,2.000,0.120,0.212
36.960,2310,DRIVE,-8.135,-4.069,2.199,-9.380,-1.790,2.598,0.134,-0.044,2.000,0.107,0.201
37.600,2350,DRIVE,-8.111,-4.110,1.948,-9.380,-1.790,2.644,0.325,0.491,2.000,0.189,0.220
37.680,2355,DRIVE,-8.108,-4.117,1.815,-9.380,-1.790,2.652,0.337,0.700,0.194,2.000,0.212
37.760,2360,DRIVE,-8.108,-4.119,1.672,-9.380,-1.790,2.653,0.150,0.816,0.162,0.831,0.202
37.840,2365,DRIVE,-8.108,-4.118,1.565,-9.380,-1.790,2.653,0.150,1.077,0.162,2.000,0.200
37.920,2370,DRIVE,-8.108,-4.118,1.515,-9.380,-1.790,2.653,0.200,1.480,0.203,2.000,0.202
38.000,2375,DRIVE,-8.108,-4.115,1.504,-9.380,-1.790,2.650,0.200,1.534,0.213,2.000,0.201
38.080,2380,DRIVE,-8.108,-4.109,1.523,-9.380,-1.790,2.646,0.189,1.483,0.192,2.000,0.202
38.160,2385,DRIVE,-8.107,-4.101,1.575,-9.380,-1.790,2.638,0.131,1.078,0.149,2.000,0.223
38.240,2390,DRIVE,-8.108,-4.091,1.641,-9.380,-1.790,2.630,0.120,0.778,0.123,0.794,0.221
38.320,2395,DRIVE,-8.109,-4.082,1.693,-9.380,-1.790,2.621,0.120,0.679,0.121,0.794,0.200
38.400,2400,DRIVE,-8.110,-4.072,1.738,-9.380,-1.790,2.612,0.120,0.590,0.118,2.000,0.209
38.480,2405,DRIVE,-8.112,-4.063,1.776,-9.380,-1.790,2.603,0.120,0.509,0.113,2.000,0.228
38.560,2410,DRIVE,-8.114,-4.053,1.787,-9.380,-1.790,2.593,0.120,0.520,0.112,2.000,0.209
38.640,2415,DRIVE,-8.116,-4.044,1.788,-9.380,-1.790,2.584,0.120,0.571,0.112,2.000,0.210
38.720,2420,DRIVE,-8.118,-4.035,1.785,-9.380,-1.790,2.575,0.120,0.632,0.111,2.000,0.209
38.800,2425,DRIVE,-8.120,-4.025,1.778,-9.380,-1.790,2.566,0.120,0.702,0.110,2.000,0.216
39.520,2470,DRIVE,-8.101,-4.079,1.708,-9.380,-1.790,2.622,0.168,1.140,0.176,0.845,0.211
39.600,2475,DRIVE,-8.101,-4.087,1.606,-9.380,-1.790,2.629,0.200,1.525,0.201,2.000,0.200
39.680,2480,DRIVE,-8.101,-4.091,1.533,-9.380,-1.790,2.633,0.200,1.667,2.000,2.000,0.201
39.760,2485,DRIVE,-8.101,-4.093,1.494,-9.380,-1.790,2.634,0.200,1.743,2.000,2.000,0.205
39.840,2490,DRIVE,-8.101,-4.092,1.486,-9.380,-1.790,2.633,0.200,1.766,2.000,2.000,0.200
39.920,2495,DRIVE,-8.101,-4.088,1.508,-9.380,-1.790,2.630,0.200,1.744,2.000,2.000,0.212
40.000,2500,DRIVE,-8.100,-4.080,1.558,-9.380,-1.790,2.623,0.200,1.678,0.238,2.000,0.202
40.080,2505,DRIVE,-8.101,-4.069,1.635,-9.380,-1.790,2.613,0.167,1.384,0.175,0.817,0.203
40.160,2510,DRIVE,-8.102,-4.057,1.720,-9.380,-1.790,2.603,0.135,1.067,0.151,0.823,0.240
40.240,2515,DRIVE,-8.104,-4.047,1.790,-9.380,-1.790,2.592,0.138,0.976,0.153,2.000,0.216
40.320,2520,DRIVE,-8.107,-4.036,1.853,-9.380,-1.790,2.582,0.140,0.897,0.155,2.000,0.202
40.400,2525,DRIVE,-8.110,-4.025,1.909,-9.380,-1.790,2.571,0.142,0.828,0.156,1.285,0.215
40.480,2530,DRIVE,-8.114,-4.015,1.960,-9.380,-1.790,2.559,0.143,0.769,0.157,2.000,0.223
40.560,2535,DRIVE,-8.119,-4.004,1.990,-9.380,-1.790,2.548,0.148,0.790,0.161,2.000,0.210
40.640,2540,DRIVE,-8.125,-3.992,2.007,-9.380,-1.790,2.535,0.278,0.896,1.533,0.169,0.211
40.720,2545,DRIVE,-8.132,-3.975,2.005,-9.380,-1.790,2.516,0.251,1.066,1.525,0.158,0.205
41.360,2585,DRIVE,-8.138,-3.953,2.665,-9.380,-1.790,2.494,0.200,-1.901,2.000,2.000,0.214
41.440,2590,DRIVE,-8.136,-3.954,2.818,-9.380,-1.790,2.496,0.000,-2.500,2.000,2.000,0.202
41.520,2595,DRIVE,-8.134,-3.954,2.916,-9.380,-1.790,2.497,0.000,-2.500,2.000,2.000,0.212
41.600,2600,DRIVE,-8.132,-3.955,2.961,-9.380,-1.790,2.499,0.000,-2.500,2.000,2.000,0.200
41.680,2605,DRIVE,-8.129,-3.955,2.951,-9.380,-1.790,2.500,0.000,-2.500,2.000,2.000,0.212
41.760,2610,DRIVE,-8.127,-3.956,2.888,-9.380,-1.790,2.502,0.000,-2.500,2.000,2.000,0.225
41.840,2615,DRIVE,-8.125,-3.956,2.775,-9.380,-1.790,2.503,0.000,-2.500,2.000,2.000,0.212
41.920,2620,DRIVE,-8.125,-3.956,2.638,-9.380,-1.790,2.503,0.200,-1.742,2.000,2.000,0.212
42.000,2625,DRIVE,-8.131,-3.952,2.511,-9.380,-1.790,2.497,0.200,-1.497,2.000,2.000,0.200
42.080,2630,DRIVE,-8.139,-3.945,2.393,-9.380,-1.790,2.487,0.200,-1.265,2.000,2.000,0.200
42.160,2635,DRIVE,-8.148,-3.936,2.307,-9.380,-1.790,2.474,0.120,-0.546,2.000,0.126,0.202
42.240,2640,DRIVE,-8.156,-3.927,2.267,-9.380,-1.790,2.463,0.129,0.615,2.000,0.105,0.212
42.880,2680,DRIVE,-8.136,-3.961,1.959,-9.380,-1.790,2.502,0.292,0.368,2.000,0.175,0.212
42.960,2685,DRIVE,-8.134,-3.966,1.823,-9.380,-1.790,2.508,0.312,0.425,0.184,2.000,0.201
43.040,2690,DRIVE,-8.134,-3.966,1.683,-9.380,-1.790,2.508,0.235,0.556,0.151,0.821,0.200
43.120,2695,DRIVE,-8.134,-3.965,1.583,-9.380,-1.790,2.507,0.120,0.702,0.135,2.000,0.200
43.200,2700,DRIVE,-8.134,-3.964,1.538,-9.380,-1.790,2.506,0.154,1.047,0.165,2.000,0.202
43.280,2705,DRIVE,-8.134,-3.961,1.533,-9.380,-1.790,2.503,0.156,1.095,0.167,2.000,0.213
43.360,2710,DRIVE,-8.134,-3.955,1.559,-9.380,-1.790,2.498,0.127,0.901,0.145,2.000,0.224
43.440,2715,DRIVE,-8.134,-3.946,1.609,-9.380,-1.790,2.490,0.120,0.583,0.112,0.784,0.213
43.520,2720,DRIVE,-8.134,-3.936,1.649,-9.380,-1.790,2.481,0.120,0.502,0.108,0.780,0.210
43.600,2725,DRIVE,-8.135,-3.927,1.682,-9.380,-1.790,2.473,0.120,0.431,0.102,0.777,0.210
44.240,2765,DRIVE,-8.117,-3.975,2.154,-9.380,-1.790,2.524,0.258,0.058,2.000,0.160,0.200
44.320,2770,DRIVE,-8.115,-3.978,2.285,-9.380,-1.790,2.527,0.318,-0.493,2.000,0.186,0.207
44.400,2775,DRIVE,-8.117,-3.976,2.423,-9.380,-1.790,2.525,0.350,-0.974,2.000,2.000,0.202
44.480,2780,DRIVE,-8.121,-3.974,2.522,-9.380,-1.790,2.521,0.200,-1.250,2.000,2.000,0.201
44.560,2785,DRIVE,-8.125,-3.971,2.573,-9.380,-1.790,2.516,0.200,-1.402,2.000,2.000,0.204
44.640,2790,DRIVE,-8.129,-3.968,2.580,-9.380,-1.790,2.512,0.200,-1.447,2.000,2.000,0.221
44.720,2795,DRIVE,-8.135,-3.964,2.558,-9.380,-1.790,2.505,0.200,-1.439,2.000,2.000,0.201
44.800,2800,DRIVE,-8.144,-3.958,2.515,-9.380,-1.790,2.496,0.200,-1.399,2.000,2.000,0.201
44.880,2805,DRIVE,-8.155,-3.949,2.450,-9.380,-1.790,2.483,0.200,-1.326,2.000,2.000,0.200
44.960,2810,DRIVE,-8.167,-3.939,2.371,-9.380,-1.790,2.468,0.200,-1.229,2.000,2.000,0.205
45.040,2815,DRIVE,-8.177,-3.928,2.295,-9.380,-1.790,2.453,0.120,-0.665,2.000,0.137,0.220
45.120,2820,DRIVE,-8.185,-3.918,2.243,-9.380,-1.790,2.441,0.148,0.155,2.000,0.114,0.220
45.200,2825,DRIVE,-8.192,-3.909,2.235,-9.380,-1.790,2.429,0.120,0.232,2.000,0.101,0.219
45.840,2865,DRIVE,-8.161,-3.955,1.966,-9.380,-1.790,2.484,0.255,0.765,1.591,0.159,0.200
45.920,2870,DRIVE,-8.160,-3.959,1.838,-9.380,-1.790,2.489,0.350,0.738,2.000,2.000,0.210
46.000,2875,DRIVE,-8.160,-3.958,1.710,-9.380,-1.790,2.488,0.147,0.730,0.160,2.000,0.204
46.080,2880,DRIVE,-8.160,-3.956,1.626,-9.380,-1.790,2.486,0.122,0.782,0.141,0.810,0.212
46.160,2885,DRIVE,-8.160,-3.954,1.597,-9.380,-1.790,2.484,0.120,0.802,0.134,0.804,0.236
46.240,2890,DRIVE,-8.160,-3.950,1.606,-9.380,-1.790,2.480,0.120,0.791,0.131,0.801,0.212
46.320,2895,DRIVE,-8.161,-3.942,1.644,-9.380,-1.790,2.474,0.120,0.752,0.128,0.799,0.201
46.400,2900,DRIVE,-8.162,-3.933,1.696,-9.380,-1.790,2.465,0.120,0.700,0.126,0.799,0.214
46.480,2905,DRIVE,-8.163,-3.923,1.743,-9.380,-1.790,2.456,0.120,0.651,0.124,2.000,0.222
46.560,2910,DRIVE,-8.165,-3.914,1.786,-9.380,-1.790,2.447,0.120,0.605,0.121,2.000,0.216
46.640,2915,DRIVE,-8.167,-3.904,1.818,-9.380,-1.790,2.438,0.120,0.563,0.119,2.000,0.210
46.720,2920,DRIVE,-8.170,-3.895,1.831,-9.380,-1.790,2.428,0.120,0.584,0.120,2.000,0.210
46.800,2925,DRIVE,-8.172,-3.886,1.845,-9.380,-1.790,2.419,0.120,0.613,0.123,2.000,0.212
46.880,2930,DRIVE,-8.175,-3.877,1.866,-9.380,-1.790,2.410,0.120,0.639,0.128,1.250,0.211
46.960,2935,DRIVE,-8.178,-3.868,1.902,-9.380,-1.790,2.400,0.131,1.526,2.000,0.148,0.210
47.040,2940,DRIVE,-8.182,-3.858,1.973,-9.380,-1.790,2.391,0.124,1.727,2.000,0.103,0.210
47.680,2980,DRIVE,-8.150,-3.878,2.903,-9.380,-1.790,2.423,0.200,-1.567,2.000,2.000,0.224
47.760,2985,DRIVE,-8.146,-3.878,3.038,-9.380,-1.790,2.426,0.200,-1.785,2.000,2.000,0.236
47.840,2990,DRIVE,-8.141,-3.879,3.122,-9.380,-1.790,2.429,0.000,-2.500,2.000,2.000,0.200
47.920,2995,DRIVE,-8.136,-3.879,-3.135,-9.380,-1.790,2.431,0.000,-2.500,2.000,2.000,0.203
48.000,3000,DRIVE,-8.132,-3.879,3.115,-9.380,-1.790,2.433,0.000,-2.500,2.000,2.000,0.205
48.080,3005,DRIVE,-8.128,-3.879,3.038,-9.380,-1.790,2.435,0.200,-1.632,2.000,2.000,0.225
48.160,3010,DRIVE,-8.131,-3.878,2.959,-9.380,-1.790,2.433,0.200,-1.506,2.000,2.000,0.213
48.240,3015,DRIVE,-8.141,-3.876,2.884,-9.380,-1.790,2.427,0.200,-1.435,2.000,2.000,0.201
48.320,3020,DRIVE,-8.154,-3.872,2.804,-9.380,-1.790,2.416,0.200,-1.386,2.000,2.000,0.202
48.400,3025,DRIVE,-8.169,-3.866,2.718,-9.380,-1.790,2.403,0.200,-1.324,2.000,2.000,0.200
48.480,3030,DRIVE,-8.183,-3.859,2.641,-9.380,-1.790,2.390,0.200,-1.204,2.000,2.000,0.204
48.560,3035,DRIVE,-8.197,-3.850,2.573,-9.380,-1.790,2.376,0.200,-1.104,2.000,2.000,0.224
48.640,3040,DRIVE,-8.211,-3.840,2.511,-9.380,-1.790,2.360,0.350,-1.024,2.000,2.000,0.240
48.720,3045,DRIVE,-8.230,-3.825,2.408,-9.380,-1.790,2.338,0.350,-0.857,2.000,2.000,0.222
48.800,3050,DRIVE,-8.249,-3.805,2.285,-9.380,-1.790,2.311,0.350,-0.639,2.000,1.413,0.212
48.880,3055,DRIVE,-8.265,-3.783,2.164,-9.380,-1.790,2.284,0.350,-0.220,2.000,2.000,0.200
49.600,3100,DRIVE,-8.312,-3.685,2.233,-9.380,-1.790,2.176,0.350,-0.122,2.000,1.378,0.221
49.680,3105,DRIVE,-8.318,-3.678,2.333,-9.380,-1.790,2.166,0.350,-0.409,2.000,2.000,0.202
49.760,3110,DRIVE,-8.327,-3.670,2.397,-9.380,-1.790,2.155,0.350,-0.623,2.000,2.000,0.212
49.840,3115,DRIVE,-8.337,-3.660,2.405,-9.380,-1.790,2.141,0.350,-0.685,2.000,2.000,0.231
49.920,3120,DRIVE,-8.350,-3.648,2.400,-9.380,-1.790,2.124,0.350,-0.726,2.000,2.000,0.237
50.000,3125,DRIVE,-8.366,-3.634,2.388,-9.380,-1.790,2.105,0.350,-0.764,2.000,2.000,0.213
50.080,3130,DRIVE,-8.382,-3.617,2.340,-9.380,-1.790,2.082,0.350,-0.727,2.000,2.000,0.200
50.160,3135,DRIVE,-8.400,-3.597,2.220,-9.380,-1.790,2.055,0.350,-0.340,2.000,1.299,0.213
50.240,3140,DRIVE,-8.415,-3.573,2.096,-9.380,-1.790,2.027,0.350,-0.109,2.000,2.000,0.218
50.320,3145,DRIVE,-8.427,-3.548,1.977,-9.380,-1.790,2.000,0.350,0.181,2.000,2.000,0.239
50.400,3150,DRIVE,-8.437,-3.522,1.922,-9.380,-1.790,1.972,0.350,0.387,1.280,2.000,0.238
50.480,3155,DRIVE,-8.447,-3.496,1.922,-9.380,-1.790,1.944,0.350,0.438,1.270,2.000,0.208
50.560,3160,DRIVE,-8.456,-3.469,1.847,-9.380,-1.790,1.917,0.350,0.719,1.293,2.000,0.208
50.640,3165,DRIVE,-8.461,-3.442,1.735,-9.380,-1.790,1.890,0.200,1.153,2.000,2.000,0.203
50.720,3170,DRIVE,-8.464,-3.418,1.647,-9.380,-1.790,1.868,0.200,1.548,2.000,1.125,0.217
50.800,3175,DRIVE,-8.465,-3.400,1.596,-9.380,-1.790,1.852,0.200,1.162,2.000,2.000,0.226
50.880,3180,DRIVE,-8.465,-3.384,1.563,-9.380,-1.790,1.838,0.200,1.325,2.000,2.000,0.245
50.960,3185,DRIVE,-8.464,-3.368,1.536,-9.380,-1.790,1.824,0.200,1.488,2.000,2.000,0.231
51.040,3190,DRIVE,-8.464,-3.352,1.518,-9.380,-1.790,1.811,0.200,1.650,2.000,2.000,0.220
51.120,3195,DRIVE,-8.463,-3.336,1.507,-9.380,-1.790,1.798,0.000,2.500,2.000,2.000,0.211
51.200,3200,DRIVE,-8.462,-3.326,1.521,-9.380,-1.790,1.789,0.000,2.500,2.000,2.000,0.212
51.280,3205,DRIVE,-8.462,-3.320,1.571,-9.380,-1.790,1.784,0.200,1.845,2.000,2.000,0.261
51.360,3210,DRIVE,-8.462,-3.312,1.623,-9.380,-1.790,1.778,0.200,1.822,2.000,2.000,0.223
51.440,3215,DRIVE,-8.463,-3.298,1.639,-9.380,-1.790,1.765,0.200,1.937,2.000,1.125,0.210
51.520,3220,DRIVE,-8.464,-3.283,1.642,-9.380,-1.790,1.752,0.000,2.500,2.000,1.124,0.209
51.600,3225,DRIVE,-8.465,-3.274,1.678,-9.380,-1.790,1.743,0.000,2.500,2.000,1.121,0.248
51.680,3230,DRIVE,-8.466,-3.268,1.746,-9.380,-1.790,1.737,0.200,1.908,2.000,2.000,0.248
51.760,3235,DRIVE,-8.468,-3.256,1.782,-9.380,-1.790,1.726,0.200,1.908,2.000,2.000,0.209
51.840,3240,DRIVE,-8.472,-3.240,1.784,-9.380,-1.790,1.711,0.000,2.500,2.000,2.000,0.210
51.920,3245,DRIVE,-8.474,-3.230,1.810,-9.380,-1.790,1.701,0.200,2.031,2.000,2.000,0.222
52.000,3250,DRIVE,-8.477,-3.218,1.847,-9.380,-1.790,1.689,0.200,2.047,1.229,2.000,0.228
52.080,3255,DRIVE,-8.482,-3.203,1.854,-9.380,-1.790,1.674,0.200,2.153,1.213,2.000,0.222
52.160,3260,DRIVE,-8.486,-3.187,1.865,-9.380,-1.790,1.659,0.200,2.256,1.220,2.000,0.207
52.240,3265,DRIVE,-8.491,-3.172,1.885,-9.380,-1.790,1.643,0.200,2.349,1.232,2.000,0.213
52.320,3270,DRIVE,-8.496,-3.157,1.913,-9.380,-1.790,1.628,0.200,2.434,1.250,2.000,0.225
52.400,3275,DRIVE,-8.502,-3.142,1.945,-9.380,-1.790,1.612,0.200,1.224,2.000,1.831,0.243
52.480,3280,DRIVE,-8.508,-3.127,1.942,-9.380,-1.790,1.597,0.200,1.349,1.265,1.283,0.212
52.560,3285,DRIVE,-8.513,-3.112,1.920,-9.380,-1.790,1.581,0.200,1.531,1.164,1.138,0.210
52.640,3290,DRIVE,-8.519,-3.097,1.903,-9.380,-1.790,1.566,0.200,1.722,1.149,1.103,0.212
52.720,3295,DRIVE,-8.524,-3.082,1.893,-9.380,-1.790,1.550,0.200,1.886,1.143,1.093,0.229
52.800,3300,DRIVE,-8.529,-3.067,1.890,-9.380,-1.790,1.535,0.000,2.500,1.140,1.090,0.227
52.880,3305,DRIVE,-8.533,-3.056,1.902,-9.380,-1.790,1.523,0.000,2.500,1.240,1.375,0.202
52.960,3310,DRIVE,-8.535,-3.050,1.962,-9.380,-1.790,1.517,0.200,1.956,2.000,1.596,0.201
53.040,3315,DRIVE,-8.538,-3.043,2.050,-9.380,-1.790,1.510,0.200,1.820,2.000,1.231,0.218
53.120,3320,DRIVE,-8.545,-3.032,2.139,-9.380,-1.790,1.496,0.200,1.715,2.000,1.101,0.230
53.200,3325,DRIVE,-8.554,-3.019,2.263,-9.380,-1.790,1.480,0.200,1.536,2.000,1.161,0.200
53.280,3330,DRIVE,-8.565,-3.007,2.388,-9.380,-1.790,1.465,0.200,1.339,2.000,2.000,0.220
53.360,3335,DRIVE,-8.578,-2.997,2.483,-9.380,-1.790,1.449,0.200,1.205,2.000,2.000,0.227
53.440,3340,DRIVE,-8.591,-2.988,2.550,-9.380,-1.790,1.435,0.200,1.142,2.000,2.000,0.202
53.520,3345,DRIVE,-8.606,-2.979,2.608,-9.380,-1.790,1.419,0.350,-0.374,2.000,2.000,0.212
53.600,3350,DRIVE,-8.623,-2.969,2.640,-9.380,-1.790,1.401,0.350,-0.517,2.000,2.000,0.202
53.680,3355,DRIVE,-8.643,-2.958,2.645,-9.380,-1.790,1.381,0.350,-0.623,2.000,2.000,0.201
53.760,3360,DRIVE,-8.666,-2.945,2.623,-9.380,-1.790,1.358,0.350,-0.633,2.000,2.000,0.220
53.840,3365,DRIVE,-8.690,-2.931,2.587,-9.380,-1.790,1.334,0.350,-0.614,2.000,2.000,0.247
53.920,3370,DRIVE,-8.713,-2.916,2.552,-9.380,-1.790,1.309,0.350,-0.608,2.000,2.000,0.274
54.000,3375,DRIVE,-8.736,-2.900,2.517,-9.380,-1.790,1.283,0.350,-0.733,2.000,2.000,0.301
54.080,3380,DRIVE,-8.758,-2.883,2.474,-9.380,-1.790,1.257,0.350,-0.769,2.000,2.000,0.329
54.160,3385,DRIVE,-8.780,-2.865,2.428,-9.380,-1.790,1.231,0.350,-0.806,2.000,2.000,0.357
54.240,3390,DRIVE,-8.800,-2.846,2.377,-9.380,-1.790,1.205,0.350,-0.843,2.000,2.000,0.388
54.320,3395,DRIVE,-8.818,-2.828,2.323,-9.380,-1.790,1.180,0.200,-0.784,2.000,2.000,0.416
54.400,3400,DRIVE,-8.831,-2.814,2.272,-9.380,-1.790,1.162,0.200,-0.707,2.000,2.000,0.437
54.480,3405,DRIVE,-8.841,-2.801,2.231,-9.380,-1.790,1.146,0.200,-0.648,2.000,2.000,0.447
54.560,3410,DRIVE,-8.850,-2.788,2.195,-9.380,-1.790,1.130,0.200,-0.602,2.000,2.000,0.461
54.640,3415,DRIVE,-8.859,-2.775,2.162,-9.380,-1.790,1.114,0.200,-0.564,2.000,2.000,0.474
54.720,3420,DRIVE,-8.868,-2.762,2.132,-9.380,-1.790,1.098,0.200,-0.251,2.000,2.000,0.492
54.800,3425,DRIVE,-8.876,-2.748,2.118,-9.380,-1.790,1.082,0.200,-0.245,2.000,2.000,0.503
54.880,3430,DRIVE,-8.885,-2.734,2.104,-9.380,-1.790,1.067,0.200,-0.238,2.000,2.000,0.517
54.960,3435,DRIVE,-8.893,-2.721,2.090,-9.380,-1.790,1.051,0.200,-0.230,2.000,2.000,0.529
55.040,3440,DRIVE,-8.900,-2.707,2.077,-9.380,-1.790,1.035,0.200,-0.222,2.000,2.000,0.529
55.120,3445,DRIVE,-8.908,-2.693,2.064,-9.380,-1.790,1.019,0.200,-0.214,2.000,2.000,0.541
55.200,3450,DRIVE,-8.916,-2.679,2.051,-9.380,-1.790,1.003,0.200,-0.198,2.000,2.000,0.554
55.280,3455,DRIVE,-8.923,-2.664,2.040,-9.380,-1.790,0.987,0.200,-0.179,2.000,2.000,0.569
55.360,3460,DRIVE,-8.930,-2.650,2.029,-9.380,-1.790,0.971,0.200,-0.162,2.000,2.000,0.580
55.440,3465,DRIVE,-8.937,-2.636,2.020,-9.380,-1.790,0.955,0.200,-0.148,2.000,2.000,0.590
55.520,3470,DRIVE,-8.944,-2.621,2.011,-9.380,-1.790,0.939,0.200,-0.135,2.000,2.000,0.601
55.600,3475,DRIVE,-8.951,-2.607,2.003,-9.380,-1.790,0.923,0.200,-0.125,2.000,2.000,0.617
55.680,3480,DRIVE,-8.957,-2.592,1.998,-9.380,-1.790,0.907,0.200,0.042,2.000,0.644,0.619
55.760,3485,DRIVE,-8.964,-2.578,2.000,-9.380,-1.790,0.891,0.200,0.041,2.000,2.000,0.619
55.840,3490,DRIVE,-8.971,-2.563,2.003,-9.380,-1.790,0.875,0.200,0.040,2.000,2.000,0.597
55.920,3495,DRIVE,-8.977,-2.549,2.005,-9.380,-1.790,0.859,0.200,0.038,2.000,2.000,0.583
56.000,3500,DRIVE,-8.984,-2.534,2.007,-9.380,-1.790,0.843,0.200,0.036,2.000,2.000,0.568
56.080,3505,DRIVE,-8.991,-2.520,2.010,-9.380,-1.790,0.827,0.200,0.035,2.000,2.000,0.551
56.160,3510,DRIVE,-8.998,-2.505,2.012,-9.380,-1.790,0.811,0.200,0.032,2.000,2.000,0.532
56.240,3515,DRIVE,-9.004,-2.491,2.013,-9.380,-1.790,0.795,0.200,0.029,2.000,2.000,0.514
56.320,3520,DRIVE,-9.011,-2.476,2.015,-9.380,-1.790,0.779,0.200,0.026,2.000,2.000,0.500
56.400,3525,DRIVE,-9.018,-2.462,2.017,-9.380,-1.790,0.763,0.200,0.024,2.000,2.000,0.484
56.480,3530,DRIVE,-9.025,-2.447,2.018,-9.380,-1.790,0.747,0.200,0.022,2.000,2.000,0.467
56.560,3535,DRIVE,-9.032,-2.433,2.019,-9.380,-1.790,0.731,0.200,0.020,2.000,2.000,0.450
56.640,3540,DRIVE,-9.039,-2.418,2.021,-9.380,-1.790,0.715,0.200,0.060,2.000,2.000,0.433
56.720,3545,DRIVE,-9.046,-2.404,2.025,-9.380,-1.790,0.699,0.200,0.058,2.000,2.000,0.420
56.800,3550,DRIVE,-9.053,-2.390,2.028,-9.380,-1.790,0.683,0.200,0.056,2.000,2.000,0.402
56.880,3555,DRIVE,-9.060,-2.375,2.031,-9.380,-1.790,0.667,0.200,0.054,2.000,2.000,0.383
56.960,3560,DRIVE,-9.067,-2.361,2.035,-9.380,-1.790,0.651,0.200,0.052,2.000,2.000,0.366
57.040,3565,DRIVE,-9.074,-2.347,2.038,-9.380,-1.790,0.635,0.200,0.049,2.000,2.000,0.346
57.120,3570,DRIVE,-9.082,-2.333,2.041,-9.380,-1.790,0.619,0.200,0.045,2.000,2.000,0.339
57.200,3575,DRIVE,-9.089,-2.318,2.043,-9.380,-1.790,0.603,0.200,0.041,2.000,2.000,0.318
57.280,3580,DRIVE,-9.096,-2.304,2.046,-9.380,-1.790,0.587,0.200,0.037,2.000,2.000,0.301
57.360,3585,DRIVE,-9.103,-2.290,2.048,-9.380,-1.790,0.571,0.200,0.034,2.000,2.000,0.282
57.440,3590,DRIVE,-9.111,-2.276,2.050,-9.380,-1.790,0.555,0.200,0.031,2.000,2.000,0.269
57.520,3595,DRIVE,-9.118,-2.261,2.052,-9.380,-1.790,0.539,0.200,0.029,2.000,2.000,0.251
57.600,3600,DRIVE,-9.126,-2.247,2.053,-9.380,-1.790,0.523,0.200,0.024,2.000,2.000,0.236
57.680,3605,DRIVE,-9.133,-2.233,2.055,-9.380,-1.790,0.507,0.200,0.024,2.000,2.000,0.224
57.760,3610,DRIVE,-9.141,-2.219,2.056,-9.380,-1.790,0.491,0.200,0.023,2.000,2.000,0.220
57.840,3615,DRIVE,-9.148,-2.205,2.057,-9.380,-1.790,0.475,0.200,0.022,2.000,2.000,0.204
57.920,3620,DRIVE,-9.155,-2.191,2.059,-9.380,-1.790,0.459,0.200,0.021,2.000,2.000,0.231
58.000,3625,DRIVE,-9.163,-2.177,2.060,-9.380,-1.790,0.443,0.200,0.020,2.000,2.000,0.214
58.080,3630,DRIVE,-9.171,-2.163,2.061,-9.380,-1.790,0.427,0.200,0.019,2.000,2.000,0.201
58.160,3635,DRIVE,-9.178,-2.148,2.062,-9.380,-1.790,0.411,0.200,0.017,2.000,2.000,0.211
58.240,3640,DRIVE,-9.186,-2.134,2.063,-9.380,-1.790,0.395,0.200,0.015,2.000,2.000,0.229
58.320,3645,DRIVE,-9.193,-2.120,2.064,-9.380,-1.790,0.379,0.200,0.014,2.000,2.000,0.213
58.400,3650,DRIVE,-9.201,-2.106,2.065,-9.380,-1.790,0.363,0.200,0.013,2.000,2.000,0.203
58.480,3655,DRIVE,-9.208,-2.092,2.066,-9.380,-1.790,0.347,0.200,0.012,2.000,2.000,0.243
58.560,3660,DRIVE,-9.216,-2.078,2.066,-9.380,-1.790,0.331,0.200,0.004,2.000,2.000,0.222
58.640,3665,DRIVE,-9.224,-2.064,2.066,-9.380,-1.790,0.315,0.200,0.004,2.000,2.000,0.220
58.800,3675,DRIVE,-9.238,-2.037,2.064,-2.830,-0.960,6.498,0.000,-2.500,2.000,2.000,0.234
58.880,3680,DRIVE,-9.244,-2.025,1.990,-2.830,-0.960,6.502,0.000,-2.500,2.000,2.000,0.264
58.960,3685,DRIVE,-9.247,-2.016,1.893,-2.830,-0.960,6.504,0.000,-2.500,2.000,2.000,0.245
59.040,3690,DRIVE,-9.249,-2.010,1.780,-2.830,-0.960,6.504,0.000,-2.500,2.000,2.000,0.208
59.120,3695,DRIVE,-9.249,-2.007,1.634,-2.830,-0.960,6.504,0.000,-2.500,2.000,2.000,0.211
59.200,3700,DRIVE,-9.249,-2.006,1.457,-2.830,-0.960,6.504,0.000,-2.500,2.000,2.000,0.210
59.280,3705,DRIVE,-9.249,-2.006,1.287,-2.830,-0.960,6.504,0.000,-2.500,2.000,1.724,0.202
59.360,3710,DRIVE,-9.249,-2.006,1.129,-2.830,-0.960,6.504,0.000,-2.500,2.000,0.108,0.217
60.000,3750,DRIVE,-9.316,-2.045,-0.002,-2.830,-0.960,6.576,0.350,0.868,2.000,1.172,0.213
60.080,3755,DRIVE,-9.318,-2.045,-0.188,-2.830,-0.960,6.578,0.200,1.339,2.000,2.000,0.212
60.160,3760,DRIVE,-9.319,-2.044,-0.317,-2.830,-0.960,6.579,0.200,1.637,1.174,2.000,0.217
60.240,3765,DRIVE,-9.320,-2.044,-0.381,-2.830,-0.960,6.580,0.200,1.769,2.000,2.000,0.217
60.320,3770,DRIVE,-9.321,-2.043,-0.396,-2.830,-0.960,6.581,0.200,1.802,2.000,2.000,0.201
60.400,3775,DRIVE,-9.318,-2.045,-0.387,-2.830,-0.960,6.578,0.200,1.797,2.000,2.000,0.202
60.480,3780,DRIVE,-9.312,-2.047,-0.353,-2.830,-0.960,6.573,0.200,1.758,1.963,2.000,0.201
60.560,3785,DRIVE,-9.303,-2.050,-0.294,-2.830,-0.960,6.565,0.200,1.683,1.161,2.000,0.202
60.640,3790,DRIVE,-9.291,-2.053,-0.210,-2.830,-0.960,6.553,0.200,1.567,2.000,2.000,0.202
60.720,3795,DRIVE,-9.275,-2.055,-0.107,-2.830,-0.960,6.538,0.200,1.417,2.000,2.000,0.202
60.800,3800,DRIVE,-9.259,-2.056,-0.009,-2.830,-0.960,6.522,0.200,1.269,2.000,1.110,0.223
60.880,3805,DRIVE,-9.243,-2.055,0.080,-2.830,-0.960,6.506,0.200,1.138,2.000,2.000,0.220
60.960,3810,DRIVE,-9.227,-2.053,0.157,-2.830,-0.960,6.490,0.350,1.034,0.765,2.000,0.200
61.040,3815,DRIVE,-9.207,-2.049,0.230,-2.830,-0.960,6.469,0.350,0.429,0.762,1.646,0.209
61.120,3820,DRIVE,-9.182,-2.042,0.281,-2.830,-0.960,6.444,0.350,0.381,2.000,1.613,0.225
61.200,3825,DRIVE,-9.156,-2.034,0.314,-2.830,-0.960,6.417,0.350,0.371,2.000,2.000,0.202
61.280,3830,DRIVE,-9.130,-2.024,0.380,-2.830,-0.960,6.389,0.350,0.263,2.000,2.000,0.202
61.360,3835,DRIVE,-9.104,-2.014,0.408,-2.830,-0.960,6.362,0.350,0.218,2.000,2.000,0.216
61.440,3840,DRIVE,-9.079,-2.002,0.431,-2.830,-0.960,6.335,0.350,0.178,2.000,2.000,0.240
61.520,3845,DRIVE,-9.053,-1.990,0.450,-2.830,-0.960,6.308,0.350,0.147,2.000,2.000,0.212
61.600,3850,DRIVE,-9.028,-1.978,0.464,-2.830,-0.960,6.281,0.350,-0.117,2.000,2.000,0.210
61.680,3855,DRIVE,-9.003,-1.965,0.463,-2.830,-0.960,6.255,0.350,-0.138,2.000,2.000,0.203
61.760,3860,DRIVE,-8.978,-1.953,0.463,-2.830,-0.960,6.228,0.350,-0.166,2.000,2.000,0.236
61.840,3865,DRIVE,-8.953,-1.940,0.463,-2.830,-0.960,6.201,0.350,-0.204,2.000,2.000,0.236
61.920,3870,DRIVE,-8.928,-1.928,0.463,-2.830,-0.960,6.175,0.350,-0.235,2.000,2.000,0.222
62.000,3875,DRIVE,-8.903,-1.915,0.463,-2.830,-0.960,6.148,0.350,-0.267,2.000,2.000,0.201
62.080,3880,DRIVE,-8.878,-1.903,0.463,-2.830,-0.960,6.121,0.350,-0.310,2.000,2.000,0.201
62.160,3885,DRIVE,-8.853,-1.890,0.463,-2.830,-0.960,6.095,0.350,-0.271,2.000,2.000,0.212
62.240,3890,DRIVE,-8.828,-1.878,0.463,-2.830,-0.960,6.068,0.350,-0.321,2.000,2.000,0.239
62.320,3895,DRIVE,-8.803,-1.865,0.463,-2.830,-0.960,6.041,0.350,-0.386,2.000,2.000,0.202
62.400,3900,DRIVE,-8.778,-1.853,0.463,-2.830,-0.960,6.015,0.350,-0.472,0.358,2.000,0.201
62.480,3905,DRIVE,-8.753,-1.840,0.463,-2.830,-0.960,5.988,0.350,-0.546,0.331,2.000,0.202
62.560,3910,DRIVE,-8.728,-1.828,0.463,-2.830,-0.960,5.962,0.350,-0.619,0.305,2.000,0.224
62.640,3915,DRIVE,-8.703,-1.815,0.463,-2.830,-0.960,5.935,0.350,-0.715,0.280,2.000,0.245
62.720,3920,DRIVE,-8.678,-1.803,0.463,-2.830,-0.960,5.909,0.350,-0.417,0.256,2.000,0.220
62.800,3925,DRIVE,-8.653,-1.790,0.463,-2.830,-0.960,5.882,0.350,-0.492,0.229,2.000,0.200
62.880,3930,DRIVE,-8.628,-1.778,0.463,-2.830,-0.960,5.856,0.350,-0.588,0.202,2.000,0.202
62.960,3935,DRIVE,-8.604,-1.766,0.463,-2.830,-0.960,5.830,0.300,-0.867,0.179,2.000,0.212
63.040,3940,DRIVE,-8.583,-1.756,0.463,-2.830,-0.960,5.808,0.294,-1.001,0.176,2.000,0.227
63.120,3945,DRIVE,-8.562,-1.745,0.463,-2.830,-0.960,5.786,0.294,-1.084,0.176,2.000,0.223
63.200,3950,DRIVE,-8.541,-1.735,0.463,-2.830,-0.960,5.764,0.294,-1.184,0.176,2.000,0.200
63.280,3955,DRIVE,-8.521,-1.724,0.463,-2.830,-0.960,5.742,0.168,-1.302,0.176,2.000,0.203
63.360,3960,DRIVE,-8.506,-1.717,0.462,-2.830,-0.960,5.726,0.168,-1.409,0.176,2.000,0.220
63.440,3965,DRIVE,-8.494,-1.711,0.462,-2.830,-0.960,5.713,0.294,-0.764,0.176,2.000,0.230
63.520,3970,DRIVE,-8.478,-1.703,0.462,-2.830,-0.960,5.697,0.294,-0.824,0.176,2.000,0.215
63.600,3975,DRIVE,-8.460,-1.694,0.462,-2.830,-0.960,5.677,0.294,-0.912,0.176,2.000,0.210
63.680,3980,DRIVE,-8.439,-1.683,0.462,-2.830,-0.960,5.655,0.294,-1.031,0.176,2.000,0.203
63.760,3985,DRIVE,-8.416,-1.672,0.462,-2.830,-0.960,5.632,0.350,-1.010,2.000,2.000,0.227
63.840,3990,DRIVE,-8.393,-1.660,0.462,-2.830,-0.960,5.607,0.200,-1.154,2.000,2.000,0.231
63.920,3995,DRIVE,-8.375,-1.651,0.462,-2.830,-0.960,5.587,0.200,-1.252,2.000,2.000,0.218
64.000,4000,DRIVE,-8.360,-1.644,0.462,-2.830,-0.960,5.572,0.200,-1.341,2.000,2.000,0.210
64.080,4005,DRIVE,-8.346,-1.637,0.462,-2.830,-0.960,5.557,0.200,-1.440,2.000,2.000,0.211
64.160,4010,DRIVE,-8.331,-1.630,0.462,-2.830,-0.960,5.542,0.200,-1.551,2.000,2.000,0.212
64.240,4015,DRIVE,-8.317,-1.623,0.462,-2.830,-0.960,5.527,0.200,-1.677,2.000,2.000,0.227
64.320,4020,DRIVE,-8.303,-1.616,0.462,-2.830,-0.960,5.512,0.350,-0.778,2.000,2.000,0.202
64.400,4025,DRIVE,-8.285,-1.607,0.462,-2.830,-0.960,5.494,0.200,-0.870,2.000,2.000,0.201
64.480,4030,DRIVE,-8.268,-1.599,0.462,-2.830,-0.960,5.476,0.200,-0.976,2.000,2.000,0.202
64.560,4035,DRIVE,-8.254,-1.591,0.462,-2.830,-0.960,5.460,0.200,-1.080,2.000,2.000,0.245
64.640,4040,DRIVE,-8.239,-1.584,0.462,-2.830,-0.960,5.445,0.200,-1.199,2.000,2.000,0.245
64.720,4045,DRIVE,-8.225,-1.577,0.462,-2.830,-0.960,5.430,0.200,-1.336,2.000,2.000,0.220
64.800,4050,DRIVE,-8.211,-1.570,0.462,-2.830,-0.960,5.415,0.200,-1.431,2.000,2.000,0.211
64.880,4055,DRIVE,-8.197,-1.563,0.462,-2.830,-0.960,5.400,0.200,-1.517,2.000,2.000,0.202
64.960,4060,DRIVE,-8.182,-1.556,0.462,-2.830,-0.960,5.385,0.200,-1.612,2.000,2.000,0.220
65.040,4065,DRIVE,-8.168,-1.549,0.462,-2.830,-0.960,5.370,0.200,-1.715,2.000,2.000,0.241
65.120,4070,DRIVE,-8.154,-1.541,0.462,-2.830,-0.960,5.355,0.200,-1.828,2.000,2.000,0.227
65.200,4075,DRIVE,-8.139,-1.534,0.462,-2.830,-0.960,5.340,0.200,-1.951,2.000,2.000,0.200
65.280,4080,DRIVE,-8.125,-1.527,0.461,-2.830,-0.960,5.325,0.200,-2.082,2.000,2.000,0.203
65.360,4085,DRIVE,-8.111,-1.520,0.455,-2.830,-0.960,5.310,0.200,-2.208,2.000,2.000,0.220
65.440,4090,DRIVE,-8.096,-1.513,0.436,-2.830,-0.960,5.295,0.200,-1.022,2.000,2.000,0.256
65.520,4095,DRIVE,-8.082,-1.507,0.435,-2.830,-0.960,5.280,0.200,-1.118,2.000,2.000,0.212
65.600,4100,DRIVE,-8.067,-1.500,0.435,-2.830,-0.960,5.265,0.200,-1.232,2.000,2.000,0.200
65.680,4105,DRIVE,-8.053,-1.493,0.435,-2.830,-0.960,5.250,0.200,-1.361,2.000,2.000,0.205
65.760,4110,DRIVE,-8.038,-1.486,0.434,-2.830,-0.960,5.235,0.200,-1.509,2.000,2.000,0.213
65.840,4115,DRIVE,-8.024,-1.480,0.434,-2.830,-0.960,5.220,0.200,-1.623,2.000,2.000,0.240
65.920,4120,DRIVE,-8.009,-1.473,0.434,-2.830,-0.960,5.205,0.200,-1.714,2.000,2.000,0.212
66.000,4125,DRIVE,-7.995,-1.466,0.434,-2.830,-0.960,5.190,0.200,-1.812,2.000,2.000,0.220
66.080,4130,DRIVE,-7.980,-1.460,0.434,-2.830,-0.960,5.175,0.200,-1.917,2.000,2.000,0.212
66.160,4135,DRIVE,-7.966,-1.453,0.434,-2.830,-0.960,5.160,0.200,-2.029,2.000,2.000,0.236
66.240,4140,DRIVE,-7.951,-1.446,0.431,-2.830,-0.960,5.144,0.200,-2.141,2.000,2.000,0.239
66.320,4145,DRIVE,-7.937,-1.440,0.414,-2.830,-0.960,5.129,0.200,-2.234,2.000,2.000,0.202
66.400,4150,DRIVE,-7.922,-1.433,0.373,-2.830,-0.960,5.114,0.200,-2.294,2.000,2.000,0.210
66.480,4155,DRIVE,-7.907,-1.428,0.289,-2.830,-0.960,5.099,0.200,-2.291,2.000,0.799,0.215
66.560,4160,DRIVE,-7.891,-1.425,0.152,-2.830,-0.960,5.082,0.350,-0.640,2.000,2.000,0.218
66.640,4165,DRIVE,-7.873,-1.424,0.023,-2.830,-0.960,5.064,0.350,-0.394,0.786,2.000,0.230
66.720,4170,DRIVE,-7.852,-1.424,-0.068,-2.830,-0.960,5.044,0.350,-0.197,0.747,2.000,0.210
66.800,4175,DRIVE,-7.829,-1.427,-0.122,-2.830,-0.960,5.021,0.350,-0.062,2.000,2.000,0.202
66.880,4180,DRIVE,-7.804,-1.430,-0.142,-2.830,-0.960,4.996,0.350,-0.007,2.000,2.000,0.202
66.960,4185,DRIVE,-7.776,-1.434,-0.143,-2.830,-0.960,4.969,0.350,-0.005,2.000,2.000,0.200
67.040,4190,DRIVE,-7.749,-1.438,-0.143,-2.830,-0.960,4.942,0.350,-0.005,2.000,2.000,0.208
67.120,4195,DRIVE,-7.721,-1.442,-0.122,-2.830,-0.960,4.915,0.350,0.603,2.000,2.000,0.219
67.200,4200,DRIVE,-7.693,-1.445,-0.095,-2.830,-0.960,4.887,0.350,0.654,2.000,2.000,0.216
67.280,4205,DRIVE,-7.665,-1.447,-0.055,-2.830,-0.960,4.860,0.350,0.687,2.000,2.000,0.200
67.360,4210,DRIVE,-7.637,-1.449,-0.117,-2.830,-0.960,4.832,0.350,0.957,2.000,2.000,0.215
67.440,4215,DRIVE,-7.611,-1.454,-0.222,-2.830,-0.960,4.807,0.200,1.356,2.000,2.000,0.216
67.520,4220,DRIVE,-7.591,-1.459,-0.283,-2.830,-0.960,4.787,0.200,1.635,2.000,0.803,0.210
67.600,4225,DRIVE,-7.575,-1.464,-0.308,-2.830,-0.960,4.771,0.200,1.823,2.000,0.805,0.201
67.680,4230,DRIVE,-7.559,-1.469,-0.310,-2.830,-0.960,4.757,0.200,1.959,2.000,0.805,0.201
67.760,4235,DRIVE,-7.544,-1.474,-0.307,-2.830,-0.960,4.742,0.200,2.096,2.000,0.805,0.210
67.840,4240,DRIVE,-7.529,-1.479,-0.303,-2.830,-0.960,4.727,0.200,1.433,2.000,0.804,0.207
67.920,4245,DRIVE,-7.514,-1.484,-0.304,-2.830,-0.960,4.713,0.000,2.500,2.000,0.804,0.212
68.000,4250,DRIVE,-7.502,-1.487,-0.300,-2.830,-0.960,4.702,0.000,2.500,2.000,0.804,0.200
68.080,4255,DRIVE,-7.495,-1.489,-0.262,-2.830,-0.960,4.695,0.000,2.500,2.000,0.820,0.206
68.160,4260,DRIVE,-7.488,-1.491,-0.220,-2.830,-0.960,4.688,0.200,1.593,2.000,2.000,0.222
68.240,4265,DRIVE,-7.475,-1.494,-0.213,-2.830,-0.960,4.676,0.000,2.500,2.000,2.000,0.211
68.320,4270,DRIVE,-7.464,-1.496,-0.200,-2.830,-0.960,4.665,0.000,2.500,2.000,2.000,0.201
68.400,4275,DRIVE,-7.458,-1.497,-0.150,-2.830,-0.960,4.659,0.200,1.724,2.000,2.000,0.202
68.480,4280,DRIVE,-7.448,-1.498,-0.117,-2.830,-0.960,4.649,0.200,1.755,2.000,2.000,0.201
68.560,4285,DRIVE,-7.433,-1.500,-0.116,-2.830,-0.960,4.635,0.000,2.500,2.000,2.000,0.205
68.640,4290,DRIVE,-7.424,-1.501,-0.090,-2.830,-0.960,4.626,0.000,2.500,2.000,2.000,0.220
68.720,4295,DRIVE,-7.419,-1.501,-0.035,-2.830,-0.960,4.620,0.200,1.890,0.558,2.000,0.210
68.800,4300,DRIVE,-7.408,-1.501,0.001,-2.830,-0.960,4.610,0.200,1.913,0.560,2.000,0.212
68.880,4305,DRIVE,-7.393,-1.501,0.004,-2.830,-0.960,4.595,0.000,2.500,0.560,2.000,0.200
68.960,4310,DRIVE,-7.382,-1.501,0.030,-2.830,-0.960,4.584,0.000,2.500,0.562,2.000,0.206
69.040,4315,DRIVE,-7.376,-1.501,0.092,-2.830,-0.960,4.578,0.200,1.925,0.569,2.000,0.202
69.120,4320,DRIVE,-7.365,-1.499,0.135,-2.830,-0.960,4.567,0.200,1.906,2.000,2.000,0.205
69.200,4325,DRIVE,-7.350,-1.497,0.138,-2.830,-0.960,4.552,0.000,2.500,2.000,2.000,0.201
69.280,4330,DRIVE,-7.339,-1.496,0.163,-2.830,-0.960,4.540,0.200,2.031,2.000,2.000,0.201
69.360,4335,DRIVE,-7.324,-1.493,0.180,-2.830,-0.960,4.526,0.200,2.102,2.000,2.000,0.210
69.440,4340,DRIVE,-7.309,-1.490,0.188,-2.830,-0.960,4.510,0.200,2.209,2.000,2.000,0.200
69.520,4345,DRIVE,-7.293,-1.487,0.201,-2.830,-0.960,4.494,0.200,2.311,2.000,2.000,0.207
69.600,4350,DRIVE,-7.277,-1.484,0.220,-2.830,-0.960,4.478,0.200,2.405,2.000,2.000,0.200
69.680,4355,DRIVE,-7.262,-1.480,0.249,-2.830,-0.960,4.462,0.200,2.488,2.000,2.000,0.205
69.760,4360,DRIVE,-7.247,-1.476,0.277,-2.830,-0.960,4.447,0.200,1.182,2.000,2.000,0.210
69.840,4365,DRIVE,-7.231,-1.471,0.265,-2.830,-0.960,4.431,0.200,1.328,2.000,2.000,0.211
69.920,4370,DRIVE,-7.216,-1.467,0.240,-2.830,-0.960,4.415,0.200,1.521,2.000,2.000,0.208
70.000,4375,DRIVE,-7.200,-1.464,0.222,-2.830,-0.960,4.399,0.200,1.721,2.000,2.000,0.200
70.080,4380,DRIVE,-7.185,-1.460,0.212,-2.830,-0.960,4.383,0.200,1.845,2.000,2.000,0.206
70.160,4385,DRIVE,-7.169,-1.457,0.207,-2.830,-0.960,4.367,0.200,1.951,2.000,2.000,0.211
70.240,4390,DRIVE,-7.155,-1.454,0.209,-2.830,-0.960,4.353,0.000,2.500,2.000,2.000,0.203
70.320,4395,DRIVE,-7.147,-1.452,0.250,-2.830,-0.960,4.345,0.000,2.500,2.000,2.000,0.202
70.400,4400,DRIVE,-7.142,-1.451,0.332,-2.830,-0.960,4.339,0.200,1.884,2.000,0.575,0.210
70.480,4405,DRIVE,-7.131,-1.446,0.401,-2.830,-0.960,4.328,0.200,1.815,2.000,0.576,0.212
70.560,4410,DRIVE,-7.117,-1.440,0.442,-2.830,-0.960,4.314,0.200,1.839,2.000,2.000,0.200
70.640,4415,DRIVE,-7.103,-1.433,0.516,-2.830,-0.960,4.299,0.200,1.802,2.000,2.000,0.201
70.720,4420,DRIVE,-7.089,-1.424,0.628,-2.830,-0.960,4.284,0.200,1.685,1.517,2.000,0.211
70.800,4425,DRIVE,-7.077,-1.414,0.755,-2.830,-0.960,4.271,0.350,0.004,1.319,1.318,0.201
70.880,4430,DRIVE,-7.066,-1.401,0.876,-2.830,-0.960,4.258,0.350,-0.300,2.000,2.000,0.215
70.960,4435,DRIVE,-7.054,-1.386,0.946,-2.830,-0.960,4.245,0.350,-0.534,1.104,1.824,0.201
71.040,4440,DRIVE,-7.042,-1.368,0.973,-2.830,-0.960,4.231,0.350,-0.701,1.062,1.530,0.222
71.120,4445,DRIVE,-7.028,-1.348,0.958,-2.830,-0.960,4.216,0.350,-0.731,1.052,1.488,0.212
71.200,4450,DRIVE,-7.012,-1.326,0.922,-2.830,-0.960,4.198,0.350,-0.722,2.000,1.534,0.212
71.280,4455,DRIVE,-6.994,-1.304,0.880,-2.830,-0.960,4.178,0.350,-0.713,2.000,2.000,0.209
71.360,4460,DRIVE,-6.976,-1.283,0.837,-2.830,-0.960,4.159,0.200,-0.809,1.525,2.000,0.201
71.440,4465,DRIVE,-6.959,-1.265,0.792,-2.830,-0.960,4.141,0.350,-0.834,1.520,2.000,0.213
71.520,4470,DRIVE,-6.939,-1.246,0.741,-2.830,-0.960,4.119,0.350,-0.866,2.000,2.000,0.229
71.600,4475,DRIVE,-6.918,-1.228,0.687,-2.830,-0.960,4.097,0.350,-0.905,1.356,2.000,0.253
71.680,4480,DRIVE,-6.896,-1.211,0.633,-2.830,-0.960,4.074,0.350,-0.910,1.312,2.000,0.280
71.760,4485,DRIVE,-6.873,-1.195,0.583,-2.830,-0.960,4.050,0.350,-0.880,2.000,2.000,0.306
71.840,4490,DRIVE,-6.849,-1.181,0.533,-2.830,-0.960,4.025,0.350,-0.862,2.000,2.000,0.333
71.920,4495,DRIVE,-6.825,-1.167,0.482,-2.830,-0.960,4.000,0.350,-0.858,2.000,2.000,0.365
72.000,4500,DRIVE,-6.800,-1.155,0.441,-2.830,-0.960,3.974,0.350,-0.423,2.000,1.931,0.382
72.080,4505,DRIVE,-6.774,-1.143,0.415,-2.830,-0.960,3.948,0.350,-0.440,2.000,2.000,0.371
72.160,4510,DRIVE,-6.748,-1.133,0.387,-2.830,-0.960,3.922,0.350,-0.459,2.000,2.000,0.350
72.240,4515,DRIVE,-6.722,-1.123,0.353,-2.830,-0.960,3.896,0.350,-0.456,2.000,2.000,0.337
72.320,4520,DRIVE,-6.696,-1.113,0.324,-2.830,-0.960,3.869,0.350,-0.428,2.000,2.000,0.321
72.400,4525,DRIVE,-6.669,-1.105,0.305,-2.830,-0.960,3.842,0.350,-0.432,2.000,2.000,0.310
72.480,4530,DRIVE,-6.642,-1.097,0.274,-2.830,-0.960,3.815,0.350,-0.412,2.000,2.000,0.300
72.560,4535,DRIVE,-6.615,-1.090,0.255,-2.830,-0.960,3.788,0.350,-0.038,2.000,2.000,0.282
72.640,4540,DRIVE,-6.588,-1.083,0.252,-2.830,-0.960,3.760,0.350,-0.039,2.000,1.977,0.275
72.720,4545,DRIVE,-6.561,-1.076,0.252,-2.830,-0.960,3.733,0.350,-0.048,2.000,1.944,0.271
72.800,4550,DRIVE,-6.534,-1.069,0.249,-2.830,-0.960,3.706,0.350,-0.048,2.000,1.914,0.268
72.880,4555,DRIVE,-6.507,-1.062,0.246,-2.830,-0.960,3.679,0.350,-0.045,2.000,1.884,0.267
72.960,4560,DRIVE,-6.480,-1.055,0.243,-2.830,-0.960,3.651,0.350,-0.042,2.000,1.854,0.271
73.040,4565,DRIVE,-6.453,-1.048,0.240,-2.830,-0.960,3.624,0.350,-0.041,2.000,1.824,0.272
73.120,4570,DRIVE,-6.426,-1.042,0.243,-2.830,-0.960,3.597,0.350,0.095,1.985,1.795,0.277
73.200,4575,DRIVE,-6.399,-1.035,0.249,-2.830,-0.960,3.569,0.350,0.098,1.960,1.768,0.286
73.280,4580,DRIVE,-6.372,-1.028,0.256,-2.830,-0.960,3.542,0.350,0.101,1.935,1.741,0.286
73.360,4585,DRIVE,-6.345,-1.021,0.263,-2.830,-0.960,3.515,0.350,0.102,1.910,1.714,0.292
73.440,4590,DRIVE,-6.318,-1.013,0.269,-2.830,-0.960,3.488,0.350,0.095,1.885,1.687,0.310
73.520,4595,DRIVE,-6.291,-1.006,0.275,-2.830,-0.960,3.461,0.350,0.091,1.859,1.660,0.324
73.600,4600,DRIVE,-6.264,-0.998,0.281,-2.830,-0.960,3.434,0.350,0.088,1.834,1.633,0.341
73.680,4605,DRIVE,-6.237,-0.990,0.287,-2.830,-0.960,3.407,0.350,0.083,1.807,1.606,0.364
73.760,4610,DRIVE,-6.210,-0.982,0.292,-2.830,-0.960,3.380,0.350,0.086,1.781,1.579,0.384
73.840,4615,DRIVE,-6.183,-0.974,0.298,-2.830,-0.960,3.353,0.350,0.089,1.755,1.552,0.410
73.920,4620,DRIVE,-6.157,-0.966,0.304,-2.830,-0.960,3.327,0.350,0.091,1.713,1.526,0.429
74.000,4625,DRIVE,-6.130,-0.957,0.309,-2.830,-0.960,3.300,0.350,0.085,1.672,1.499,0.414
74.080,4630,DRIVE,-6.103,-0.949,0.315,-2.830,-0.960,3.273,0.350,0.081,1.633,1.472,0.394
74.160,4635,DRIVE,-6.077,-0.940,0.320,-2.830,-0.960,3.247,0.350,0.079,1.595,1.445,0.384
74.240,4640,DRIVE,-6.050,-0.931,0.319,-2.830,-0.960,3.221,0.200,-1.760,1.575,1.416,0.372
74.320,4645,DRIVE,-6.025,-0.923,0.284,-2.830,-0.960,3.195,0.200,-1.965,1.554,1.377,0.356
74.400,4650,DRIVE,-6.003,-0.918,0.229,-2.830,-0.960,3.174,0.000,-2.500,1.482,1.340,0.351
74.480,4655,DRIVE,-5.988,-0.915,0.168,-2.830,-0.960,3.158,0.200,-1.973,1.423,1.313,0.346
74.560,4660,DRIVE,-5.974,-0.913,0.077,-2.830,-0.960,3.145,0.200,-1.873,1.194,1.295,0.343
74.640,4665,DRIVE,-5.959,-0.913,-0.051,-2.830,-0.960,3.129,0.200,-1.698,1.299,1.664,0.339
74.720,4670,DRIVE,-5.943,-0.915,-0.169,-2.830,-0.960,3.113,0.200,-1.536,1.263,2.000,0.332
74.800,4675,DRIVE,-5.927,-0.919,-0.274,-2.830,-0.960,3.098,0.200,-1.391,1.093,2.000,0.327
74.880,4680,DRIVE,-5.912,-0.924,-0.364,-2.830,-0.960,3.082,0.200,-1.280,1.615,2.000,0.321
74.960,4685,DRIVE,-5.898,-0.930,-0.439,-2.830,-0.960,3.068,0.200,-0.909,2.000,2.000,0.310
75.040,4690,DRIVE,-5.883,-0.938,-0.493,-2.830,-0.960,3.053,0.200,-0.884,2.000,2.000,0.301
75.120,4695,DRIVE,-5.869,-0.946,-0.545,-2.830,-0.960,3.039,0.200,-0.861,2.000,2.000,0.289
75.200,4700,DRIVE,-5.855,-0.955,-0.594,-2.830,-0.960,3.025,0.350,-0.846,2.000,2.000,0.275
75.280,4705,DRIVE,-5.836,-0.969,-0.642,-2.830,-0.960,3.006,0.350,-0.867,2.000,2.000,0.258
75.360,4710,DRIVE,-5.814,-0.986,-0.694,-2.830,-0.960,2.984,0.350,-0.915,2.000,2.000,0.240
75.440,4715,DRIVE,-5.793,-1.005,-0.748,-2.830,-0.960,2.963,0.350,-0.876,2.000,2.000,0.211
75.520,4720,DRIVE,-5.773,-1.025,-0.803,-2.830,-0.960,2.944,0.350,-0.837,2.000,2.000,0.224
75.600,4725,DRIVE,-5.754,-1.045,-0.855,-2.830,-0.960,2.926,0.350,-0.815,2.000,2.000,0.212
75.680,4730,DRIVE,-5.737,-1.067,-0.903,-2.830,-0.960,2.909,0.350,-0.277,2.000,2.000,0.200
75.760,4735,DRIVE,-5.720,-1.089,-0.968,-2.830,-0.960,2.893,0.350,-0.180,2.000,2.000,0.223
75.840,4740,DRIVE,-5.705,-1.113,-1.048,-2.830,-0.960,2.879,0.350,-0.008,2.000,2.000,0.220
75.920,4745,DRIVE,-5.693,-1.138,-1.157,-2.830,-0.960,2.868,0.350,0.303,2.000,2.000,0.205
76.000,4750,DRIVE,-5.684,-1.165,-1.291,-2.830,-0.960,2.861,0.350,0.746,2.000,2.000,0.722
76.080,4755,DRIVE,-5.677,-1.192,-1.361,-2.830,-0.960,2.857,0.350,1.042,2.000,2.000,0.690
76.160,4760,DRIVE,-5.673,-1.217,-1.406,-2.830,-0.960,2.854,0.200,1.300,2.000,2.000,0.712
76.240,4765,DRIVE,-5.670,-1.236,-1.438,-2.830,-0.960,2.853,0.200,1.514,2.000,2.000,0.702
76.320,4770,DRIVE,-5.668,-1.252,-1.462,-2.830,-0.960,2.853,0.200,1.708,2.000,2.000,0.702
76.400,4775,DRIVE,-5.666,-1.268,-1.482,-2.830,-0.960,2.853,0.200,1.236,2.000,2.000,0.710
76.480,4780,DRIVE,-5.665,-1.284,-1.498,-2.830,-0.960,2.854,0.200,1.362,2.000,2.000,0.703
76.560,4785,DRIVE,-5.664,-1.300,-1.512,-2.830,-0.960,2.854,0.200,1.493,2.000,2.000,0.705
76.640,4790,DRIVE,-5.663,-1.316,-1.523,-2.830,-0.960,2.856,0.200,1.631,2.000,2.000,0.704
76.720,4795,DRIVE,-5.663,-1.331,-1.529,-2.830,-0.960,2.857,0.000,2.500,2.000,2.000,0.705
76.800,4800,DRIVE,-5.662,-1.339,-1.507,-2.830,-0.960,2.857,0.000,2.500,2.000,2.000,0.706
76.880,4805,DRIVE,-5.662,-1.344,-1.452,-2.830,-0.960,2.858,0.200,1.737,2.000,2.000,0.706
76.960,4810,DRIVE,-5.660,-1.352,-1.410,-2.830,-0.960,2.858,0.200,1.741,2.000,2.000,0.700
77.040,4815,DRIVE,-5.658,-1.367,-1.403,-2.830,-0.960,2.857,0.200,1.865,2.000,2.000,0.691
77.120,4820,DRIVE,-5.656,-1.380,-1.395,-2.830,-0.960,2.857,0.000,2.500,2.000,2.000,0.694
77.200,4825,DRIVE,-5.654,-1.387,-1.357,-2.830,-0.960,2.857,0.000,2.500,2.000,2.000,0.695
77.280,4830,DRIVE,-5.653,-1.392,-1.303,-2.830,-0.960,2.856,0.200,1.919,2.000,2.000,0.422
77.360,4835,DRIVE,-5.650,-1.402,-1.275,-2.830,-0.960,2.854,0.200,1.925,2.000,2.000,0.696
77.440,4840,DRIVE,-5.645,-1.417,-1.272,-2.830,-0.960,2.852,0.000,2.500,2.000,2.000,0.201
77.520,4845,DRIVE,-5.642,-1.427,-1.247,-2.830,-0.960,2.851,0.000,2.500,2.000,2.000,0.693
77.600,4850,DRIVE,-5.640,-1.432,-1.182,-2.830,-0.960,2.850,0.200,1.936,2.000,2.000,0.215
77.680,4855,DRIVE,-5.636,-1.440,-1.062,-2.830,-0.960,2.847,0.200,1.738,2.000,2.000,0.201
77.760,4860,DRIVE,-5.629,-1.452,-0.953,-2.830,-0.960,2.842,0.200,1.582,2.000,2.000,0.201
77.840,4865,DRIVE,-5.619,-1.464,-0.863,-2.830,-0.960,2.834,0.200,1.478,1.889,2.000,0.212
77.920,4870,DRIVE,-5.608,-1.476,-0.774,-2.830,-0.960,2.825,0.200,1.371,1.962,2.000,0.203
78.000,4875,DRIVE,-5.596,-1.487,-0.691,-2.830,-0.960,2.816,0.200,1.279,2.000,2.000,0.640
78.080,4880,DRIVE,-5.583,-1.497,-0.619,-2.830,-0.960,2.804,0.350,0.016,2.000,1.930,0.205
78.160,4885,DRIVE,-5.566,-1.508,-0.564,-2.830,-0.960,2.790,0.350,-0.115,2.000,1.810,0.346
78.240,4890,DRIVE,-5.546,-1.519,-0.536,-2.830,-0.960,2.773,0.350,-0.211,2.000,1.738,0.200
78.320,4895,DRIVE,-5.524,-1.532,-0.532,-2.830,-0.960,2.754,0.350,-0.267,2.000,1.721,0.590
78.400,4900,DRIVE,-5.500,-1.547,-0.547,-2.830,-0.960,2.734,0.350,-0.257,2.000,1.691,0.223
78.480,4905,DRIVE,-5.477,-1.561,-0.562,-2.830,-0.960,2.714,0.350,-0.249,2.000,1.680,0.250
78.560,4910,DRIVE,-5.453,-1.577,-0.576,-2.830,-0.960,2.695,0.350,-0.247,2.000,1.669,0.270
78.640,4915,DRIVE,-5.430,-1.592,-0.594,-2.830,-0.960,2.676,0.350,-0.472,2.000,1.665,0.292
78.720,4920,DRIVE,-5.407,-1.608,-0.621,-2.830,-0.960,2.657,0.350,-0.496,2.000,1.676,0.318
78.800,4925,DRIVE,-5.384,-1.625,-0.650,-2.830,-0.960,2.640,0.350,-0.523,2.000,1.693,0.350
78.880,4930,DRIVE,-5.363,-1.642,-0.681,-2.830,-0.960,2.623,0.350,-0.553,2.000,1.717,0.367
78.960,4935,DRIVE,-5.341,-1.660,-0.714,-2.830,-0.960,2.607,0.350,-0.533,2.000,1.750,0.389
79.040,4940,DRIVE,-5.320,-1.679,-0.746,-2.830,-0.960,2.592,0.350,-0.511,2.000,1.785,0.394
79.120,4945,DRIVE,-5.300,-1.698,-0.777,-2.830,-0.960,2.578,0.350,-0.497,1.558,1.824,0.425
79.200,4950,DRIVE,-5.281,-1.718,-0.807,-2.830,-0.960,2.565,0.350,-0.288,1.460,1.865,0.450
79.280,4955,DRIVE,-5.262,-1.738,-0.826,-2.830,-0.960,2.553,0.350,-0.299,1.390,1.881,0.464
79.360,4960,DRIVE,-5.243,-1.759,-0.846,-2.830,-0.960,2.542,0.350,-0.305,1.318,2.000,0.468
79.440,4965,DRIVE,-5.225,-1.780,-0.864,-2.830,-0.960,2.531,0.350,-0.325,1.309,2.000,0.480
79.520,4970,DRIVE,-5.207,-1.802,-0.882,-2.830,-0.960,2.521,0.350,-0.322,1.192,1.168,0.494
79.600,4975,DRIVE,-5.189,-1.824,-0.901,-2.830,-0.960,2.512,0.350,-0.311,1.268,1.230,0.503
79.680,4980,DRIVE,-5.172,-1.846,-0.923,-2.830,-0.960,2.504,0.350,-0.293,1.309,2.000,0.523
79.760,4985,DRIVE,-5.156,-1.868,-0.945,-2.830,-0.960,2.497,0.350,-0.058,1.315,2.000,0.537
79.840,4990,DRIVE,-5.139,-1.891,-0.949,-2.830,-0.960,2.490,0.350,-0.060,1.295,2.000,0.556
79.920,4995,DRIVE,-5.123,-1.914,-0.953,-2.830,-0.960,2.483,0.350,-0.063,1.275,2.000,0.574
80.000,5000,DRIVE,-5.107,-1.937,-0.956,-2.830,-0.960,2.477,0.350,-0.067,1.254,2.000,0.602
80.080,5005,DRIVE,-5.091,-1.959,-0.960,-2.830,-0.960,2.472,0.350,-0.067,1.234,2.000,0.616
80.160,5010,DRIVE,-5.075,-1.982,-0.964,-2.830,-0.960,2.467,0.350,-0.065,1.214,2.000,0.636
80.240,5015,DRIVE,-5.059,-2.005,-0.967,-2.830,-0.960,2.462,0.350,-0.064,1.193,2.000,0.665
80.320,5020,DRIVE,-5.043,-2.028,-0.971,-2.830,-0.960,2.457,0.350,-0.064,1.173,2.000,0.690
80.400,5025,DRIVE,-5.027,-2.051,-0.970,-2.830,-0.960,2.453,0.350,0.041,1.146,2.000,0.710
80.480,5030,DRIVE,-5.011,-2.074,-0.968,-2.830,-0.960,2.450,0.350,0.043,1.117,2.000,0.736
80.560,5035,DRIVE,-4.996,-2.097,-0.965,-2.830,-0.960,2.446,0.350,0.045,1.089,2.000,0.744
80.640,5040,DRIVE,-4.980,-2.120,-0.962,-2.830,-0.960,2.443,0.350,0.046,1.060,2.000,0.759
80.720,5045,DRIVE,-4.964,-2.143,-0.960,-2.830,-0.960,2.440,0.350,0.045,1.031,2.000,0.786
80.800,5050,DRIVE,-4.948,-2.166,-0.957,-2.830,-0.960,2.437,0.350,0.044,1.003,2.000,0.813
80.880,5055,DRIVE,-4.931,-2.189,-0.955,-2.830,-0.960,2.434,0.350,0.044,0.974,2.000,0.836
80.960,5060,DRIVE,-4.915,-2.212,-0.952,-2.830,-0.960,2.432,0.350,0.053,0.945,2.000,0.853
81.040,5065,DRIVE,-4.899,-2.235,-0.949,-2.830,-0.960,2.430,0.350,0.056,0.916,2.000,0.486
81.120,5070,DRIVE,-4.883,-2.257,-0.946,-2.830,-0.960,2.428,0.350,0.060,0.887,2.000,0.804
81.200,5075,DRIVE,-4.866,-2.280,-0.942,-2.830,-0.960,2.427,0.350,0.062,0.858,2.000,0.762
81.280,5080,DRIVE,-4.850,-2.302,-0.939,-2.830,-0.960,2.425,0.350,0.060,0.829,2.000,0.609
81.360,5085,DRIVE,-4.833,-2.325,-0.936,-2.830,-0.960,2.424,0.350,0.058,0.800,2.000,0.705
81.440,5090,DRIVE,-4.817,-2.347,-0.932,-2.830,-0.960,2.423,0.350,0.058,0.772,2.000,0.686
81.520,5095,DRIVE,-4.800,-2.370,-0.930,-2.830,-0.960,2.422,0.350,0.030,0.744,2.000,0.661
81.600,5100,DRIVE,-4.783,-2.392,-0.928,-2.830,-0.960,2.422,0.350,0.032,0.716,2.000,0.632
81.680,5105,DRIVE,-4.766,-2.415,-0.926,-2.830,-0.960,2.422,0.350,0.033,0.689,2.000,0.608
81.760,5110,DRIVE,-4.750,-2.437,-0.925,-2.830,-0.960,2.422,0.350,0.035,0.662,2.000,0.578
81.840,5115,DRIVE,-4.733,-2.459,-0.923,-2.830,-0.960,2.422,0.350,0.034,0.635,2.000,0.560
81.920,5120,DRIVE,-4.716,-2.482,-0.921,-2.830,-0.960,2.423,0.350,0.033,0.607,2.000,0.530
82.000,5125,DRIVE,-4.699,-2.504,-0.919,-2.830,-0.960,2.424,0.350,0.033,0.580,2.000,0.227
82.080,5130,DRIVE,-4.682,-2.526,-0.918,-2.830,-0.960,2.425,0.350,0.006,0.553,2.000,0.507
82.160,5135,DRIVE,-4.665,-2.548,-0.917,-2.830,-0.960,2.427,0.350,0.006,0.527,2.000,0.481
82.240,5140,DRIVE,-4.648,-2.570,-0.917,-2.830,-0.960,2.429,0.350,0.006,0.501,2.000,0.457
82.320,5145,DRIVE,-4.631,-2.593,-0.916,-2.830,-0.960,2.431,0.350,0.007,0.475,2.000,0.440
82.400,5150,DRIVE,-4.614,-2.615,-0.916,-2.830,-0.960,2.433,0.350,0.006,0.449,2.000,0.422
82.480,5155,DRIVE,-4.597,-2.637,-0.916,-2.830,-0.960,2.436,0.350,0.006,0.423,2.000,0.235
82.560,5160,DRIVE,-4.580,-2.659,-0.915,-2.830,-0.960,2.439,0.350,0.006,0.397,2.000,0.377
82.640,5165,DRIVE,-4.563,-2.681,-0.915,-2.830,-0.960,2.442,0.350,-0.005,0.371,2.000,0.360
82.720,5170,DRIVE,-4.546,-2.703,-0.916,-2.830,-0.960,2.446,0.350,-0.006,0.345,2.000,0.341
82.800,5175,DRIVE,-4.529,-2.726,-0.916,-2.830,-0.960,2.450,0.350,-0.006,0.319,2.000,0.324
82.880,5180,DRIVE,-4.512,-2.748,-0.916,-2.830,-0.960,2.454,0.350,-0.006,0.293,2.000,0.304
82.960,5185,DRIVE,-4.495,-2.770,-0.917,-2.830,-0.960,2.459,0.350,-0.006,0.267,2.000,0.284
83.040,5190,DRIVE,-4.478,-2.792,-0.917,-2.830,-0.960,2.464,0.350,-0.006,0.242,2.000,0.265
83.120,5195,DRIVE,-4.461,-2.814,-0.917,-2.830,-0.960,2.469,0.350,-0.006,0.216,2.000,0.250
83.200,5200,DRIVE,-4.444,-2.836,-0.918,-2.830,-0.960,2.475,0.327,-0.079,0.190,2.000,0.231
83.280,5205,DRIVE,-4.429,-2.856,-0.926,-2.830,-0.960,2.480,0.279,-0.217,0.169,2.000,0.212
83.360,5210,DRIVE,-4.416,-2.873,-0.940,-2.830,-0.960,2.485,0.242,-0.299,0.154,2.000,0.205
83.440,5215,DRIVE,-4.406,-2.888,-0.958,-2.830,-0.960,2.490,0.212,-0.341,0.141,2.000,0.201
83.520,5220,DRIVE,-4.397,-2.901,-0.978,-2.830,-0.960,2.494,0.188,-0.350,0.131,2.000,0.225
83.600,5225,DRIVE,-4.389,-2.913,-0.998,-2.830,-0.960,2.499,0.168,-0.339,0.122,2.000,0.212
83.680,5230,DRIVE,-4.382,-2.924,-1.017,-2.830,-0.960,2.503,0.151,-0.325,0.115,2.000,0.201
83.760,5235,DRIVE,-4.376,-2.934,-1.035,-2.830,-0.960,2.507,0.137,-0.303,0.109,2.000,0.201
83.840,5240,DRIVE,-4.371,-2.943,-1.052,-2.830,-0.960,2.511,0.124,-0.276,0.103,2.000,0.201
84.480,5280,DRIVE,-4.393,-2.900,-0.932,-2.830,-0.960,2.492,0.141,-0.954,0.110,0.323,0.215
84.560,5285,DRIVE,-4.400,-2.892,-0.836,-2.830,-0.960,2.490,0.128,-1.243,0.105,0.270,0.200
84.640,5290,DRIVE,-4.407,-2.886,-0.767,-2.830,-0.960,2.489,0.127,-1.409,0.104,0.246,0.208
84.720,5295,DRIVE,-4.411,-2.881,-0.728,-2.830,-0.960,2.488,0.131,-1.482,0.106,0.236,0.228
84.800,5300,DRIVE,-4.414,-2.879,-0.714,-2.830,-0.960,2.488,0.135,-1.497,0.108,0.234,0.201
84.880,5305,DRIVE,-4.414,-2.879,-0.723,-2.830,-0.960,2.488,0.137,-1.465,0.109,0.238,0.201
84.960,5310,DRIVE,-4.411,-2.882,-0.755,-2.830,-0.960,2.489,0.138,-1.386,0.109,0.248,0.200
85.040,5315,DRIVE,-4.406,-2.887,-0.810,-2.830,-0.960,2.489,0.139,-1.253,0.110,0.267,0.219
85.120,5320,DRIVE,-4.399,-2.895,-0.879,-2.830,-0.960,2.491,0.140,-1.080,0.110,0.296,0.225
85.200,5325,DRIVE,-4.392,-2.904,-0.938,-2.830,-0.960,2.494,0.140,-0.931,0.110,0.326,0.211
85.280,5330,DRIVE,-4.386,-2.913,-0.988,-2.830,-0.960,2.497,0.140,-0.804,0.110,2.000,0.201
85.360,5335,DRIVE,-4.380,-2.923,-1.032,-2.830,-0.960,2.501,0.138,-0.690,0.109,2.000,0.201
85.440,5340,DRIVE,-4.374,-2.932,-1.070,-2.830,-0.960,2.505,0.136,-0.587,0.108,2.000,0.201
85.520,5345,DRIVE,-4.369,-2.942,-1.103,-2.830,-0.960,2.509,0.132,-0.496,0.107,2.000,0.209
85.600,5350,DRIVE,-4.365,-2.951,-1.131,-2.830,-0.960,2.514,0.128,-0.415,0.105,2.000,0.209
85.680,5355,DRIVE,-4.360,-2.961,-1.165,-2.830,-0.960,2.519,0.151,-0.322,0.115,2.000,0.201
86.400,5400,DRIVE,-4.360,-2.934,-1.714,-2.830,-0.960,2.497,0.200,1.722,2.000,2.000,0.202
86.480,5405,DRIVE,-4.358,-2.926,-1.811,-2.830,-0.960,2.490,0.200,1.830,2.000,2.000,0.206
86.560,5410,DRIVE,-4.356,-2.919,-1.868,-2.830,-0.960,2.484,0.000,2.500,2.000,2.000,0.220
86.640,5415,DRIVE,-4.354,-2.913,-1.867,-2.830,-0.960,2.478,0.000,2.500,2.000,2.000,0.225
86.720,5420,DRIVE,-4.353,-2.910,-1.834,-2.830,-0.960,2.474,0.200,1.716,2.000,2.000,0.212
86.800,5425,DRIVE,-4.354,-2.912,-1.802,-2.830,-0.960,2.477,0.200,1.678,2.000,2.000,0.201
86.880,5430,DRIVE,-4.355,-2.920,-1.758,-2.830,-0.960,2.484,0.200,1.664,2.000,2.000,0.201
86.960,5435,DRIVE,-4.357,-2.931,-1.686,-2.830,-0.960,2.493,0.200,1.623,2.000,2.000,0.205
87.040,5440,DRIVE,-4.358,-2.945,-1.585,-2.830,-0.960,2.505,0.200,1.531,2.000,2.000,0.213
87.120,5445,DRIVE,-4.357,-2.961,-1.478,-2.830,-0.960,2.517,0.200,1.356,2.000,2.000,0.200
87.200,5450,DRIVE,-4.355,-2.977,-1.388,-2.830,-0.960,2.528,0.200,1.210,2.000,2.000,0.201
87.280,5455,DRIVE,-4.351,-2.993,-1.311,-2.830,-0.960,2.539,0.180,0.975,0.185,2.000,0.212
87.360,5460,DRIVE,-4.346,-3.009,-1.248,-2.830,-0.960,2.549,0.214,0.570,0.142,2.000,0.200
87.440,5465,DRIVE,-4.341,-3.024,-1.208,-2.830,-0.960,2.557,0.176,0.422,0.125,2.000,0.202
87.520,5470,DRIVE,-4.336,-3.036,-1.182,-2.830,-0.960,2.565,0.156,0.364,0.117,2.000,0.201
87.600,5475,DRIVE,-4.331,-3.047,-1.155,-2.830,-0.960,2.571,0.140,0.311,0.110,2.000,0.207
88.800,5550,DRIVE,-4.492,-2.954,-0.419,-2.830,-0.960,2.596,0.350,-0.979,0.219,0.294,0.286
88.880,5555,DRIVE,-4.505,-2.948,-0.477,-2.830,-0.960,2.599,0.350,-0.775,0.238,0.328,0.306
88.960,5560,DRIVE,-4.512,-2.944,-0.533,-2.830,-0.960,2.601,0.350,-0.601,0.251,0.358,0.316
89.040,5565,DRIVE,-4.513,-2.943,-0.588,-2.830,-0.960,2.601,0.350,-0.447,0.260,0.383,0.322
89.120,5570,DRIVE,-4.508,-2.946,-0.642,-2.830,-0.960,2.601,0.350,-0.306,0.263,2.000,0.322
89.200,5575,DRIVE,-4.499,-2.954,-0.697,-2.830,-0.960,2.600,0.350,-0.162,0.262,2.000,0.315
89.280,5580,DRIVE,-4.486,-2.966,-0.755,-2.830,-0.960,2.601,0.350,-0.005,0.258,2.000,0.303
89.360,5585,DRIVE,-4.470,-2.981,-0.798,-2.830,-0.960,2.603,0.350,0.124,0.247,2.000,0.288
89.440,5590,DRIVE,-4.453,-2.999,-0.812,-2.830,-0.960,2.606,0.350,0.187,0.227,2.000,0.271
89.520,5595,DRIVE,-4.434,-3.019,-0.804,-2.830,-0.960,2.610,0.346,0.154,0.198,2.000,0.250
89.600,5600,DRIVE,-4.416,-3.038,-0.799,-2.830,-0.960,2.614,0.287,-0.021,0.173,2.000,0.230
89.680,5605,DRIVE,-4.401,-3.053,-0.803,-2.830,-0.960,2.617,0.241,-0.128,0.153,2.000,0.216
89.760,5610,DRIVE,-4.389,-3.066,-0.813,-2.830,-0.960,2.620,0.204,-0.186,0.138,2.000,0.201
89.840,5615,DRIVE,-4.378,-3.077,-0.825,-2.830,-0.960,2.623,0.175,-0.216,0.125,2.000,0.217
89.920,5620,DRIVE,-4.370,-3.087,-0.839,-2.830,-0.960,2.626,0.151,-0.234,0.115,2.000,0.217
90.000,5625,DRIVE,-4.362,-3.096,-0.854,-2.830,-0.960,2.628,0.131,-0.236,0.106,2.000,0.206
90.720,5670,DRIVE,-4.398,-3.056,-0.620,-2.830,-0.960,2.617,0.178,-0.870,0.126,2.000,0.200
90.800,5675,DRIVE,-4.403,-3.053,-0.528,-2.830,-0.960,2.618,0.176,-1.072,0.126,0.210,0.207
90.880,5680,DRIVE,-4.406,-3.051,-0.462,-2.830,-0.960,2.618,0.177,-1.206,0.126,0.197,0.208
90.960,5685,DRIVE,-4.407,-3.050,-0.422,-2.830,-0.960,2.619,0.176,-1.294,0.125,0.189,0.210
91.040,5690,DRIVE,-4.406,-3.051,-0.409,-2.830,-0.960,2.618,0.171,-1.346,0.123,0.184,0.209
91.120,5695,DRIVE,-4.401,-3.053,-0.425,-2.830,-0.960,2.617,0.161,-1.365,0.119,0.182,0.208
91.200,5700,DRIVE,-4.395,-3.056,-0.468,-2.830,-0.960,2.616,0.147,-1.344,0.113,0.184,0.208
91.280,5705,DRIVE,-4.386,-3.061,-0.537,-2.830,-0.960,2.614,0.132,-1.274,0.106,0.190,0.200
91.360,5710,DRIVE,-4.378,-3.066,-0.608,-2.830,-0.960,2.614,0.120,-1.174,0.101,2.000,0.208
92.000,5750,DRIVE,-4.400,-3.024,-1.399,-2.830,-0.960,2.593,0.200,1.508,2.000,2.000,0.226
92.080,5755,DRIVE,-4.400,-3.017,-1.520,-2.830,-0.960,2.588,0.200,1.674,2.000,2.000,0.240
92.160,5760,DRIVE,-4.401,-3.011,-1.592,-2.830,-0.960,2.583,0.000,2.500,2.000,2.000,0.242
92.240,5765,DRIVE,-4.400,-3.005,-1.607,-2.830,-0.960,2.578,0.000,2.500,2.000,2.000,0.244
92.320,5770,DRIVE,-4.400,-3.000,-1.571,-2.830,-0.960,2.574,0.200,1.625,2.000,2.000,0.244
92.400,5775,DRIVE,-4.400,-3.000,-1.528,-2.830,-0.960,2.575,0.200,1.554,2.000,2.000,0.243
92.480,5780,DRIVE,-4.400,-3.007,-1.484,-2.830,-0.960,2.580,0.200,1.529,2.000,2.000,0.239
92.560,5785,DRIVE,-4.398,-3.018,-1.421,-2.830,-0.960,2.588,0.200,1.500,2.000,2.000,0.240
92.640,5790,DRIVE,-4.395,-3.032,-1.334,-2.830,-0.960,2.597,0.200,1.445,2.000,2.000,0.231
92.720,5795,DRIVE,-4.391,-3.047,-1.241,-2.830,-0.960,2.606,0.200,1.380,2.000,2.000,0.224
92.800,5800,DRIVE,-4.385,-3.062,-1.156,-2.830,-0.960,2.615,0.200,1.289,2.000,2.000,0.216
92.880,5805,DRIVE,-4.378,-3.076,-1.081,-2.830,-0.960,2.622,0.200,1.173,2.000,2.000,0.209
92.960,5810,DRIVE,-4.370,-3.090,-1.014,-2.830,-0.960,2.628,0.174,0.927,0.180,2.000,0.208
93.040,5815,DRIVE,-4.360,-3.104,-0.956,-2.830,-0.960,2.634,0.231,0.621,0.149,2.000,0.200
93.120,5820,DRIVE,-4.350,-3.118,-0.924,-2.830,-0.960,2.640,0.178,0.447,0.126,2.000,0.225
93.200,5825,DRIVE,-4.342,-3.128,-0.901,-2.830,-0.960,2.643,0.140,0.332,0.110,2.000,0.212
93.840,5865,DRIVE,-4.373,-3.091,-1.052,-2.830,-0.960,2.631,0.350,0.922,2.000,2.000,0.202
93.920,5870,DRIVE,-4.376,-3.085,-1.164,-2.830,-0.960,2.628,0.200,1.156,2.000,2.000,0.202
94.000,5875,DRIVE,-4.378,-3.080,-1.249,-2.830,-0.960,2.625,0.200,1.321,2.000,2.000,0.220
94.080,5880,DRIVE,-4.378,-3.079,-1.305,-2.830,-0.960,2.624,0.200,1.434,2.000,2.000,0.220
94.160,5885,DRIVE,-4.378,-3.080,-1.333,-2.830,-0.960,2.625,0.200,1.505,2.000,2.000,0.219
94.240,5890,DRIVE,-4.377,-3.083,-1.332,-2.830,-0.960,2.627,0.200,1.542,2.000,2.000,0.219
94.320,5895,DRIVE,-4.376,-3.090,-1.304,-2.830,-0.960,2.632,0.200,1.548,2.000,2.000,0.220
94.400,5900,DRIVE,-4.373,-3.100,-1.251,-2.830,-0.960,2.638,0.200,1.488,2.000,2.000,0.212
94.480,5905,DRIVE,-4.368,-3.113,-1.176,-2.830,-0.960,2.646,0.200,1.379,2.000,2.000,0.210
94.560,5910,DRIVE,-4.361,-3.127,-1.095,-2.830,-0.960,2.653,0.200,1.259,2.000,2.000,0.208
94.640,5915,DRIVE,-4.353,-3.141,-1.023,-2.830,-0.960,2.660,0.200,1.159,2.000,2.000,0.207
94.720,5920,DRIVE,-4.344,-3.154,-0.958,-2.830,-0.960,2.666,0.200,1.076,2.000,2.000,0.201
94.800,5925,DRIVE,-4.333,-3.169,-0.897,-2.830,-0.960,2.672,0.350,1.016,2.000,2.000,0.247
94.880,5930,DRIVE,-4.316,-3.188,-0.833,-2.830,-0.960,2.678,0.350,0.484,2.000,2.000,0.203
96.240,6015,DRIVE,-4.349,-3.335,0.909,-2.830,-0.960,2.819,0.000,-2.500,0.406,0.178,0.210
96.320,6020,DRIVE,-4.358,-3.346,0.852,-2.830,-0.960,2.833,0.000,-2.500,0.376,0.178,0.230
96.400,6025,DRIVE,-4.365,-3.353,0.774,-2.830,-0.960,2.843,0.000,-2.500,0.336,0.172,0.239
96.480,6030,DRIVE,-4.370,-3.358,0.672,-2.830,-0.960,2.850,0.000,-2.500,0.293,0.165,0.242
96.560,6035,DRIVE,-4.372,-3.360,0.558,-2.830,-0.960,2.853,0.200,-1.578,0.252,0.232,0.250
96.640,6040,DRIVE,-4.370,-3.358,0.436,-2.830,-0.960,2.850,0.200,-1.367,0.214,0.367,0.254
96.720,6045,DRIVE,-4.362,-3.355,0.311,-2.830,-0.960,2.843,0.172,-1.328,0.179,0.695,0.251
96.800,6050,DRIVE,-4.351,-3.353,0.210,-2.830,-0.960,2.835,0.135,-1.381,0.151,1.719,0.242
96.880,6055,DRIVE,-4.338,-3.351,0.114,-2.830,-0.960,2.826,0.350,-0.868,0.202,2.000,0.235
96.960,6060,DRIVE,-4.318,-3.350,0.015,-2.830,-0.960,2.815,0.350,-0.688,0.430,2.000,0.221
97.040,6065,DRIVE,-4.294,-3.351,-0.067,-2.830,-0.960,2.803,0.350,-0.524,1.188,2.000,0.200
97.120,6070,DRIVE,-4.267,-3.353,-0.113,-2.830,-0.960,2.792,0.350,-0.458,2.000,2.000,0.200
97.200,6075,DRIVE,-4.240,-3.357,-0.144,-2.830,-0.960,2.781,0.350,-0.440,2.000,2.000,0.210
97.280,6080,DRIVE,-4.212,-3.361,-0.168,-2.830,-0.960,2.771,0.350,-0.066,2.000,2.000,0.210
97.360,6085,DRIVE,-4.185,-3.366,-0.172,-2.830,-0.960,2.761,0.350,-0.068,2.000,2.000,0.212
97.440,6090,DRIVE,-4.157,-3.371,-0.177,-2.830,-0.960,2.752,0.350,-0.069,2.000,2.000,0.212
97.520,6095,DRIVE,-4.130,-3.376,-0.182,-2.830,-0.960,2.743,0.350,-0.069,2.000,2.000,0.200
97.600,6100,DRIVE,-4.102,-3.381,-0.186,-2.830,-0.960,2.735,0.350,-0.064,2.000,2.000,0.201
97.680,6105,DRIVE,-4.075,-3.386,-0.191,-2.830,-0.960,2.727,0.350,-0.060,2.000,2.000,0.216
97.760,6110,DRIVE,-4.047,-3.392,-0.195,-2.830,-0.960,2.719,0.350,-0.059,2.000,2.000,0.235
97.840,6115,DRIVE,-4.020,-3.397,-0.193,-2.830,-0.960,2.712,0.350,0.091,2.000,2.000,0.217
97.920,6120,DRIVE,-3.992,-3.402,-0.186,-2.830,-0.960,2.705,0.350,0.094,2.000,2.000,0.201
98.000,6125,DRIVE,-3.965,-3.407,-0.180,-2.830,-0.960,2.698,0.350,0.096,2.000,2.000,0.201
98.080,6130,DRIVE,-3.937,-3.412,-0.173,-2.830,-0.960,2.691,0.350,0.093,2.000,2.000,0.200
98.160,6135,DRIVE,-3.910,-3.417,-0.167,-2.830,-0.960,2.684,0.350,0.087,2.000,2.000,0.234
98.240,6140,DRIVE,-3.882,-3.422,-0.161,-2.830,-0.960,2.677,0.350,0.083,2.000,2.000,0.200
98.320,6145,DRIVE,-3.855,-3.426,-0.156,-2.830,-0.960,2.670,0.350,0.080,2.000,2.000,0.208
98.400,6150,DRIVE,-3.827,-3.430,-0.150,-2.830,-0.960,2.664,0.350,0.086,2.000,2.000,0.214
98.480,6155,DRIVE,-3.799,-3.434,-0.144,-2.830,-0.960,2.657,0.350,0.088,2.000,2.000,0.210
98.560,6160,DRIVE,-3.772,-3.438,-0.137,-2.830,-0.960,2.651,0.350,0.090,2.000,2.000,0.212
98.640,6165,DRIVE,-3.744,-3.442,-0.131,-2.830,-0.960,2.645,0.350,0.085,2.000,2.000,0.220
98.720,6170,DRIVE,-3.716,-3.445,-0.125,-2.830,-0.960,2.639,0.350,0.080,2.000,2.000,0.219
98.800,6175,DRIVE,-3.688,-3.449,-0.120,-2.830,-0.960,2.633,0.350,0.075,2.000,2.000,0.225
98.880,6180,DRIVE,-3.661,-3.452,-0.115,-2.830,-0.960,2.627,0.350,0.035,2.000,2.000,0.228
98.960,6185,DRIVE,-3.633,-3.455,-0.112,-2.830,-0.960,2.621,0.350,0.036,2.000,2.000,0.231
99.040,6190,DRIVE,-3.605,-3.458,-0.110,-2.830,-0.960,2.616,0.350,0.037,2.000,2.000,0.237
99.120,6195,DRIVE,-3.577,-3.461,-0.107,-2.830,-0.960,2.611,0.350,0.037,2.000,2.000,0.239
99.200,6200,DRIVE,-3.550,-3.464,-0.104,-2.830,-0.960,2.606,0.350,0.035,2.000,2.000,0.243
99.280,6205,DRIVE,-3.522,-3.467,-0.102,-2.830,-0.960,2.601,0.350,0.032,2.000,2.000,0.247
99.360,6210,DRIVE,-3.494,-3.470,-0.100,-2.830,-0.960,2.596,0.350,0.031,2.000,2.000,0.250
99.440,6215,DRIVE,-3.466,-3.473,-0.098,-2.830,-0.960,2.592,0.000,2.500,2.000,2.000,0.252
99.520,6220,DRIVE,-3.444,-3.475,-0.095,-2.830,-0.960,2.589,0.000,2.500,2.000,2.000,0.254
99.600,6225,DRIVE,-3.426,-3.476,-0.079,-2.830,-0.960,2.586,0.000,2.500,2.000,2.000,0.255
99.680,6230,DRIVE,-3.411,-3.477,-0.033,-2.830,-0.960,2.583,0.000,2.500,2.000,2.000,0.261
99.760,6235,DRIVE,-3.399,-3.477,0.043,-2.830,-0.960,2.581,0.000,2.500,1.240,2.000,0.263
99.840,6240,DRIVE,-3.390,-3.476,0.146,-2.830,-0.960,2.578,0.000,2.500,0.765,2.000,0.264
99.920,6245,DRIVE,-3.385,-3.475,0.270,-2.830,-0.960,2.576,0.200,1.949,0.516,2.000,0.266
100.000,6250,DRIVE,-3.378,-3.472,0.398,-2.830,-0.960,2.572,0.200,1.733,0.381,1.074,0.270
100.080,6255,DRIVE,-3.366,-3.466,0.513,-2.830,-0.960,2.563,0.200,1.564,0.300,0.715,0.261
100.160,6260,DRIVE,-3.353,-3.458,0.602,-2.830,-0.960,2.552,0.200,1.465,0.249,0.547,0.253
100.240,6265,DRIVE,-3.340,-3.448,0.684,-2.830,-0.960,2.540,0.200,1.386,0.209,0.437,0.248
100.320,6270,DRIVE,-3.328,-3.438,0.762,-2.830,-0.960,2.528,0.169,0.909,0.177,0.356,0.239
100.400,6275,DRIVE,-3.319,-3.429,0.817,-2.830,-0.960,2.517,0.140,0.714,0.155,0.306,0.224
100.480,6280,DRIVE,-3.312,-3.421,0.858,-2.830,-0.960,2.508,0.120,0.574,0.139,0.273,0.217
100.560,6285,DRIVE,-3.306,-3.414,0.889,-2.830,-0.960,2.499,0.120,0.465,0.125,0.246,0.206
100.640,6290,DRIVE,-3.300,-3.406,0.914,-2.830,-0.960,2.491,0.120,0.380,0.113,0.225,0.200
100.720,6295,DRIVE,-3.295,-3.398,0.935,-2.830,-0.960,2.482,0.120,0.314,0.102,0.206,0.207
101.360,6335,DRIVE,-3.318,-3.449,1.396,-2.830,-0.960,2.536,0.224,-0.973,0.146,0.171,0.227
101.440,6340,DRIVE,-3.319,-3.454,1.536,-2.830,-0.960,2.541,0.252,-1.199,0.158,0.163,0.231
101.520,6345,DRIVE,-3.319,-3.456,1.643,-2.830,-0.960,2.544,0.145,-0.806,0.169,0.159,0.237
101.600,6350,DRIVE,-3.319,-3.458,1.700,-2.830,-0.960,2.545,0.144,-0.916,0.177,0.158,0.240
101.680,6355,DRIVE,-3.319,-3.456,1.723,-2.830,-0.960,2.544,0.141,-0.960,0.178,0.156,0.239
101.760,6360,DRIVE,-3.319,-3.452,1.715,-2.830,-0.960,2.539,0.135,-0.944,0.172,0.151,0.236
101.840,6365,DRIVE,-3.320,-3.445,1.678,-2.830,-0.960,2.532,0.127,-0.874,0.160,0.145,0.233
101.920,6370,DRIVE,-3.321,-3.435,1.620,-2.830,-0.960,2.523,0.120,-0.763,0.144,0.137,0.225
102.000,6375,DRIVE,-3.321,-3.425,1.567,-2.830,-0.960,2.514,0.120,-1.711,0.130,0.130,0.215
102.080,6380,DRIVE,-3.321,-3.416,1.484,-2.830,-0.960,2.504,0.151,-1.662,0.115,0.126,0.210
102.800,6425,DRIVE,-3.351,-3.437,0.430,-2.830,-0.960,2.531,0.200,1.463,0.296,0.841,0.230
102.880,6430,DRIVE,-3.356,-3.439,0.323,-2.830,-0.960,2.534,0.200,1.626,0.387,1.377,0.233
102.960,6435,DRIVE,-3.361,-3.440,0.259,-2.830,-0.960,2.536,0.200,1.701,0.469,2.000,0.239
103.040,6440,DRIVE,-3.363,-3.441,0.225,-2.830,-0.960,2.537,0.000,2.500,0.527,2.000,0.242
103.120,6445,DRIVE,-3.364,-3.441,0.238,-2.830,-0.960,2.538,0.000,2.500,0.507,2.000,0.246
103.200,6450,DRIVE,-3.365,-3.441,0.301,-2.830,-0.960,2.538,0.200,1.932,0.424,1.601,0.245
103.280,6455,DRIVE,-3.362,-3.440,0.375,-2.830,-0.960,2.536,0.200,1.802,0.352,1.086,0.243
103.360,6460,DRIVE,-3.353,-3.436,0.448,-2.830,-0.960,2.530,0.200,1.711,0.297,0.807,0.235
103.440,6465,DRIVE,-3.340,-3.429,0.534,-2.830,-0.960,2.521,0.200,1.613,0.244,0.602,0.233
103.520,6470,DRIVE,-3.327,-3.420,0.624,-2.830,-0.960,2.510,0.199,1.512,0.199,0.459,0.226
103.600,6475,DRIVE,-3.316,-3.411,0.704,-2.830,-0.960,2.499,0.155,1.179,0.166,0.367,0.212
103.680,6480,DRIVE,-3.307,-3.403,0.770,-2.830,-0.960,2.490,0.124,0.931,0.143,0.308,0.210
103.760,6485,DRIVE,-3.301,-3.397,0.815,-2.830,-0.960,2.482,0.120,0.376,0.127,0.271,0.200
103.840,6490,DRIVE,-3.294,-3.389,0.837,-2.830,-0.960,2.473,0.120,0.293,0.115,0.249,0.231
103.920,6495,DRIVE,-3.288,-3.382,0.853,-2.830,-0.960,2.465,0.120,0.227,0.103,0.230,0.209
104.560,6535,DRIVE,-3.316,-3.428,1.233,-2.830,-0.960,2.515,0.196,-0.707,0.134,0.184,0.212
104.640,6540,DRIVE,-3.317,-3.434,1.361,-2.830,-0.960,2.521,0.211,-0.997,0.140,0.170,0.221
104.720,6545,DRIVE,-3.318,-3.437,1.465,-2.830,-0.960,2.524,0.226,-1.207,0.147,0.162,0.225
104.800,6550,DRIVE,-3.318,-3.437,1.541,-2.830,-0.960,2.525,0.236,-1.370,0.151,0.155,0.228
104.880,6555,DRIVE,-3.318,-3.435,1.582,-2.830,-0.960,2.523,0.134,-0.749,0.152,0.150,0.226
104.960,6560,DRIVE,-3.318,-3.431,1.584,-2.830,-0.960,2.519,0.127,-0.754,0.147,0.145,0.223
105.040,6565,DRIVE,-3.318,-3.424,1.552,-2.830,-0.960,2.512,0.120,-1.579,0.138,0.140,0.220
105.120,6570,DRIVE,-3.317,-3.415,1.478,-2.830,-0.960,2.503,0.173,-1.522,0.124,0.137,0.210
105.200,6575,DRIVE,-3.316,-3.404,1.383,-2.830,-0.960,2.492,0.137,-1.426,0.109,0.134,0.200
105.840,6615,DRIVE,-3.344,-3.428,0.565,-2.830,-0.960,2.521,0.200,1.281,0.233,0.555,0.229
105.920,6620,DRIVE,-3.349,-3.431,0.432,-2.830,-0.960,2.525,0.200,1.523,0.304,0.849,0.236
106.000,6625,DRIVE,-3.355,-3.433,0.343,-2.830,-0.960,2.529,0.200,1.649,0.380,1.265,0.241
106.080,6630,DRIVE,-3.359,-3.435,0.286,-2.830,-0.960,2.531,0.200,1.718,0.447,1.777,0.245
106.160,6635,DRIVE,-3.361,-3.435,0.257,-2.830,-0.960,2.531,0.200,1.760,0.490,2.000,0.248
106.240,6640,DRIVE,-3.359,-3.435,0.255,-2.830,-0.960,2.531,0.200,1.778,0.491,2.000,0.248
106.320,6645,DRIVE,-3.354,-3.433,0.280,-2.830,-0.960,2.528,0.200,1.777,0.454,1.850,0.248
106.400,6650,DRIVE,-3.347,-3.431,0.331,-2.830,-0.960,2.524,0.200,1.758,0.393,1.350,0.247
106.480,6655,DRIVE,-3.336,-3.427,0.404,-2.830,-0.960,2.518,0.200,1.722,0.325,0.951,0.250
106.560,6660,DRIVE,-3.323,-3.420,0.498,-2.830,-0.960,2.509,0.200,1.627,0.263,0.673,0.239
106.640,6665,DRIVE,-3.310,-3.412,0.589,-2.830,-0.960,2.498,0.200,1.500,0.214,0.505,0.229
106.720,6670,DRIVE,-3.297,-3.403,0.670,-2.830,-0.960,2.487,0.169,1.218,0.177,0.399,0.221
106.800,6675,DRIVE,-3.288,-3.395,0.735,-2.830,-0.960,2.477,0.135,0.932,0.151,0.333,0.210
106.880,6680,DRIVE,-3.281,-3.388,0.789,-2.830,-0.960,2.469,0.120,0.717,0.133,0.288,0.207
106.960,6685,DRIVE,-3.274,-3.381,0.830,-2.830,-0.960,2.461,0.120,0.555,0.118,0.255,0.201
107.040,6690,DRIVE,-3.268,-3.374,0.861,-2.830,-0.960,2.453,0.120,0.433,0.105,0.229,0.223
107.680,6730,DRIVE,-3.290,-3.417,1.298,-2.830,-0.960,2.500,0.194,-0.918,0.133,0.173,0.220
107.760,6735,DRIVE,-3.291,-3.424,1.431,-2.830,-0.960,2.507,0.218,-1.167,0.144,0.163,0.225
107.840,6740,DRIVE,-3.292,-3.428,1.546,-2.830,-0.960,2.511,0.243,-1.355,0.154,0.158,0.225
107.920,6745,DRIVE,-3.292,-3.430,1.622,-2.830,-0.960,2.513,0.139,-0.841,0.162,0.155,0.227
108.000,6750,DRIVE,-3.292,-3.430,1.658,-2.830,-0.960,2.513,0.137,-0.913,0.165,0.153,0.233
108.080,6755,DRIVE,-3.292,-3.427,1.661,-2.830,-0.960,2.510,0.132,-0.922,0.162,0.149,0.232
108.160,6760,DRIVE,-3.292,-3.421,1.634,-2.830,-0.960,2.504,0.125,-0.873,0.153,0.144,0.229
108.240,6765,DRIVE,-3.293,-3.412,1.580,-2.830,-0.960,2.495,0.120,-0.751,0.139,0.137,0.225
108.320,6770,DRIVE,-3.292,-3.402,1.502,-2.830,-0.960,2.485,0.172,-1.633,0.124,0.133,0.212
108.400,6775,DRIVE,-3.291,-3.391,1.396,-2.830,-0.960,2.474,0.134,-1.521,0.107,0.130,0.202
109.040,6815,DRIVE,-3.320,-3.416,0.515,-2.830,-0.960,2.504,0.200,1.599,0.252,0.635,0.223
109.120,6820,DRIVE,-3.325,-3.418,0.386,-2.830,-0.960,2.508,0.200,1.850,0.334,1.017,0.233
109.200,6825,DRIVE,-3.330,-3.420,0.301,-2.830,-0.960,2.511,0.000,2.500,0.419,1.593,0.240
109.280,6830,DRIVE,-3.336,-3.422,0.266,-2.830,-0.960,2.513,0.000,2.500,0.469,2.000,0.245
109.360,6835,DRIVE,-3.341,-3.423,0.282,-2.830,-0.960,2.516,0.200,1.928,0.453,1.835,0.247
109.440,6840,DRIVE,-3.342,-3.423,0.310,-2.830,-0.960,2.516,0.200,1.864,0.421,1.534,0.245
109.520,6845,DRIVE,-3.337,-3.422,0.343,-2.830,-0.960,2.514,0.200,1.850,0.383,1.270,0.243
109.600,6850,DRIVE,-3.330,-3.419,0.399,-2.830,-0.960,2.509,0.200,1.786,0.332,0.977,0.241
109.680,6855,DRIVE,-3.319,-3.414,0.475,-2.830,-0.960,2.502,0.200,1.686,0.278,0.730,0.238
109.760,6860,DRIVE,-3.306,-3.406,0.567,-2.830,-0.960,2.492,0.200,1.564,0.227,0.543,0.227
109.840,6865,DRIVE,-3.293,-3.397,0.652,-2.830,-0.960,2.480,0.182,1.352,0.186,0.422,0.217
109.920,6870,DRIVE,-3.283,-3.388,0.725,-2.830,-0.960,2.470,0.143,1.039,0.158,0.346,0.210
110.000,6875,DRIVE,-3.275,-3.381,0.784,-2.830,-0.960,2.461,0.120,0.804,0.137,0.295,0.203
110.080,6880,DRIVE,-3.268,-3.374,0.830,-2.830,-0.960,2.453,0.120,0.627,0.121,0.259,0.209
110.160,6885,DRIVE,-3.262,-3.367,0.865,-2.830,-0.960,2.445,0.120,0.495,0.108,0.232,0.201
110.800,6925,DRIVE,-3.281,-3.407,1.298,-2.830,-0.960,2.488,0.193,-0.877,0.133,0.172,0.213
110.880,6930,DRIVE,-3.283,-3.415,1.438,-2.830,-0.960,2.496,0.220,-1.158,0.144,0.163,0.221
110.960,6935,DRIVE,-3.283,-3.420,1.560,-2.830,-0.960,2.501,0.247,-1.376,0.156,0.157,0.229
111.040,6940,DRIVE,-3.283,-3.422,1.642,-2.830,-0.960,2.503,0.140,-0.898,0.165,0.155,0.231
111.120,6945,DRIVE,-3.283,-3.423,1.682,-2.830,-0.960,2.504,0.139,-0.984,0.170,0.154,0.235
111.200,6950,DRIVE,-3.283,-3.420,1.689,-2.830,-0.960,2.502,0.135,-1.002,0.168,0.152,0.234
111.280,6955,DRIVE,-3.284,-3.415,1.666,-2.830,-0.960,2.497,0.129,-0.939,0.160,0.147,0.224
111.360,6960,DRIVE,-3.284,-3.407,1.616,-2.830,-0.960,2.488,0.120,-0.805,0.146,0.140,0.224
111.440,6965,DRIVE,-3.284,-3.397,1.561,-2.830,-0.960,2.479,0.120,-1.669,0.132,0.133,0.213
111.520,6970,DRIVE,-3.284,-3.387,1.480,-2.830,-0.960,2.469,0.156,-1.617,0.117,0.129,0.203
111.600,6975,DRIVE,-3.282,-3.376,1.373,-2.830,-0.960,2.458,0.120,-1.488,0.102,0.128,0.201
112.240,7015,DRIVE,-3.314,-3.407,0.465,-2.830,-0.960,2.494,0.200,1.725,0.278,0.745,0.225
112.320,7020,DRIVE,-3.319,-3.409,0.353,-2.830,-0.960,2.498,0.200,1.928,0.362,1.184,0.231
112.400,7025,DRIVE,-3.325,-3.411,0.287,-2.830,-0.960,2.500,0.000,2.500,0.436,1.741,0.238
112.480,7030,DRIVE,-3.330,-3.413,0.273,-2.830,-0.960,2.503,0.000,2.500,0.460,1.941,0.242
112.560,7035,DRIVE,-3.335,-3.414,0.305,-2.830,-0.960,2.505,0.200,1.924,0.426,1.578,0.246
112.640,7040,DRIVE,-3.334,-3.414,0.343,-2.830,-0.960,2.505,0.200,1.849,0.387,1.281,0.247
112.720,7045,DRIVE,-3.329,-3.411,0.385,-2.830,-0.960,2.502,0.200,1.796,0.347,1.046,0.245
112.800,7050,DRIVE,-3.319,-3.407,0.447,-2.830,-0.960,2.496,0.200,1.717,0.299,0.811,0.240
112.880,7055,DRIVE,-3.308,-3.401,0.529,-2.830,-0.960,2.487,0.200,1.612,0.248,0.613,0.236
112.960,7060,DRIVE,-3.294,-3.392,0.619,-2.830,-0.960,2.476,0.200,1.500,0.203,0.468,0.229
113.040,7065,DRIVE,-3.283,-3.383,0.698,-2.830,-0.960,2.465,0.159,1.170,0.169,0.374,0.217
113.120,7070,DRIVE,-3.274,-3.375,0.763,-2.830,-0.960,2.456,0.128,0.907,0.146,0.314,0.210
113.200,7075,DRIVE,-3.267,-3.368,0.815,-2.830,-0.960,2.448,0.120,0.708,0.128,0.273,0.202
113.280,7080,DRIVE,-3.261,-3.361,0.855,-2.830,-0.960,2.439,0.120,0.560,0.114,0.242,0.204
113.360,7085,DRIVE,-3.255,-3.354,0.886,-2.830,-0.960,2.431,0.120,0.449,0.101,0.217,0.203
114.000,7125,DRIVE,-3.278,-3.404,1.389,-2.830,-0.960,2.485,0.213,-1.413,0.141,0.167,0.219
114.080,7130,DRIVE,-3.279,-3.412,1.502,-2.830,-0.960,2.493,0.139,-1.567,0.154,0.164,0.225
114.160,7135,DRIVE,-3.279,-3.420,1.564,-2.830,-0.960,2.500,0.155,-1.600,0.166,0.167,0.233
114.240,7140,DRIVE,-3.279,-3.422,1.607,-2.830,-0.960,2.503,0.156,-1.191,0.173,0.167,0.241
114.320,7145,DRIVE,-3.279,-3.422,1.625,-2.830,-0.960,2.502,0.154,-1.224,0.173,0.165,0.244
114.400,7150,DRIVE,-3.280,-3.418,1.612,-2.830,-0.960,2.499,0.149,-1.188,0.168,0.162,0.242
114.480,7155,DRIVE,-3.280,-3.411,1.570,-2.830,-0.960,2.492,0.143,-1.731,0.157,0.157,0.240
114.560,7160,DRIVE,-3.279,-3.402,1.483,-2.830,-0.960,2.483,0.124,-1.664,0.143,0.155,0.229
114.640,7165,DRIVE,-3.278,-3.393,1.371,-2.830,-0.960,2.473,0.183,-1.527,0.129,0.156,0.219
114.720,7170,DRIVE,-3.275,-3.380,1.271,-2.830,-0.960,2.461,0.150,-1.417,0.114,0.156,0.214
114.800,7175,DRIVE,-3.271,-3.370,1.184,-2.830,-0.960,2.450,0.125,-1.294,0.103,0.159,0.203
115.440,7215,DRIVE,-3.304,-3.394,0.411,-2.830,-0.960,2.479,0.000,2.500,0.301,0.890,0.224
115.520,7220,DRIVE,-3.311,-3.396,0.283,-2.830,-0.960,2.483,0.000,2.500,0.427,1.755,0.233
115.600,7225,DRIVE,-3.317,-3.397,0.202,-2.830,-0.960,2.486,0.000,2.500,0.562,2.000,0.242
115.680,7230,DRIVE,-3.324,-3.399,0.174,-2.830,-0.960,2.488,0.000,2.500,0.630,2.000,0.250
115.760,7235,DRIVE,-3.331,-3.400,0.200,-2.830,-0.960,2.491,0.000,2.500,0.578,2.000,0.248
115.840,7240,DRIVE,-3.337,-3.402,0.280,-2.830,-0.960,2.494,0.000,2.500,0.457,1.864,0.247
115.920,7245,DRIVE,-3.342,-3.403,0.390,-2.830,-0.960,2.496,0.200,1.777,0.351,1.036,0.243
116.000,7250,DRIVE,-3.340,-3.402,0.497,-2.830,-0.960,2.495,0.200,1.547,0.283,0.708,0.245
116.080,7255,DRIVE,-3.333,-3.398,0.598,-2.830,-0.960,2.490,0.200,1.347,0.234,0.529,0.239
116.160,7260,DRIVE,-3.323,-3.390,0.689,-2.830,-0.960,2.479,0.194,1.153,0.195,0.415,0.238
116.240,7265,DRIVE,-3.312,-3.381,0.753,-2.830,-0.960,2.468,0.157,0.854,0.168,0.348,0.227
116.320,7270,DRIVE,-3.303,-3.371,0.805,-2.830,-0.960,2.457,0.224,0.624,0.146,0.299,0.220
116.400,7275,DRIVE,-3.292,-3.359,0.842,-2.830,-0.960,2.443,0.176,0.459,0.125,0.261,0.206
116.480,7280,DRIVE,-3.283,-3.349,0.867,-2.830,-0.960,2.432,0.139,0.350,0.110,0.233,0.204
117.120,7320,DRIVE,-3.304,-3.388,1.239,-2.830,-0.960,2.474,0.194,-0.593,0.133,0.182,0.214
117.200,7325,DRIVE,-3.306,-3.395,1.381,-2.830,-0.960,2.481,0.214,-0.913,0.142,0.169,0.221
117.280,7330,DRIVE,-3.307,-3.399,1.506,-2.830,-0.960,2.485,0.236,-1.169,0.151,0.160,0.230
117.360,7335,DRIVE,-3.307,-3.400,1.604,-2.830,-0.960,2.486,0.243,-0.713,0.159,0.154,0.224
117.440,7340,DRIVE,-3.307,-3.398,1.669,-2.830,-0.960,2.484,0.131,-0.849,0.162,0.148,0.228
117.520,7345,DRIVE,-3.307,-3.395,1.680,-2.830,-0.960,2.482,0.127,-0.866,0.160,0.145,0.226
117.600,7350,DRIVE,-3.308,-3.390,1.660,-2.830,-0.960,2.476,0.120,-0.807,0.152,0.140,0.220
117.680,7355,DRIVE,-3.308,-3.381,1.613,-2.830,-0.960,2.468,0.120,-0.684,0.139,0.133,0.213
117.760,7360,DRIVE,-3.308,-3.371,1.566,-2.830,-0.960,2.458,0.120,-1.683,0.125,0.126,0.208
117.840,7365,DRIVE,-3.308,-3.362,1.488,-2.830,-0.960,2.449,0.140,-1.643,0.110,0.121,0.208
118.480,7405,DRIVE,-3.335,-3.385,0.565,-2.830,-0.960,2.477,0.200,1.345,0.226,0.544,0.214
118.560,7410,DRIVE,-3.339,-3.387,0.426,-2.830,-0.960,2.480,0.200,1.640,0.298,0.853,0.225
118.640,7415,DRIVE,-3.345,-3.389,0.329,-2.830,-0.960,2.483,0.200,1.818,0.380,1.330,0.231
118.720,7420,DRIVE,-3.349,-3.391,0.277,-2.830,-0.960,2.485,0.200,1.897,0.445,1.862,0.237
118.800,7425,DRIVE,-3.351,-3.391,0.253,-2.830,-0.960,2.486,0.200,1.931,0.480,2.000,0.243
118.880,7430,DRIVE,-3.350,-3.391,0.257,-2.830,-0.960,2.486,0.200,1.930,0.474,2.000,0.250
118.960,7435,DRIVE,-3.346,-3.390,0.287,-2.830,-0.960,2.484,0.200,1.896,0.433,1.739,0.242
119.040,7440,DRIVE,-3.339,-3.387,0.340,-2.830,-0.960,2.480,0.200,1.832,0.372,1.260,0.241
119.120,7445,DRIVE,-3.329,-3.383,0.415,-2.830,-0.960,2.474,0.200,1.743,0.307,0.893,0.233
119.200,7450,DRIVE,-3.316,-3.377,0.508,-2.830,-0.960,2.465,0.200,1.632,0.248,0.637,0.230
119.280,7455,DRIVE,-3.302,-3.368,0.600,-2.830,-0.960,2.454,0.200,1.528,0.201,0.478,0.221
119.360,7460,DRIVE,-3.291,-3.359,0.679,-2.830,-0.960,2.443,0.156,1.193,0.167,0.380,0.213
119.440,7465,DRIVE,-3.282,-3.352,0.745,-2.830,-0.960,2.434,0.124,0.939,0.143,0.318,0.201
119.520,7470,DRIVE,-3.275,-3.345,0.799,-2.830,-0.960,2.426,0.120,0.745,0.125,0.274,0.202
119.600,7475,DRIVE,-3.269,-3.338,0.831,-2.830,-0.960,2.418,0.120,0.352,0.112,0.246,0.200
120.320,7520,DRIVE,-3.293,-3.384,1.298,-2.830,-0.960,2.467,0.205,-1.469,0.138,0.178,0.213
120.400,7525,DRIVE,-3.295,-3.391,1.392,-2.830,-0.960,2.475,0.130,-1.603,0.148,0.173,0.225
120.480,7530,DRIVE,-3.296,-3.398,1.440,-2.830,-0.960,2.482,0.142,-1.621,0.157,0.176,0.232
120.560,7535,DRIVE,-3.296,-3.402,1.461,-2.830,-0.960,2.486,0.149,-1.619,0.161,0.177,0.238
120.640,7540,DRIVE,-3.296,-3.402,1.456,-2.830,-0.960,2.487,0.149,-1.603,0.162,0.178,0.242
120.720,7545,DRIVE,-3.296,-3.400,1.423,-2.830,-0.960,2.484,0.143,-1.566,0.158,0.179,0.241
120.800,7550,DRIVE,-3.295,-3.394,1.363,-2.830,-0.960,2.478,0.133,-1.496,0.150,0.180,0.238
120.880,7555,DRIVE,-3.292,-3.384,1.283,-2.830,-0.960,2.468,0.208,-1.409,0.139,0.181,0.230
120.960,7560,DRIVE,-3.287,-3.371,1.199,-2.830,-0.960,2.454,0.175,-1.347,0.125,0.180,0.220
121.040,7565,DRIVE,-3.282,-3.359,1.118,-2.830,-0.960,2.441,0.149,-1.252,0.114,0.182,0.204
121.120,7570,DRIVE,-3.277,-3.349,1.046,-2.830,-0.960,2.430,0.130,-1.144,0.106,0.186,0.201
121.840,7615,DRIVE,-3.316,-3.368,0.235,-2.830,-0.960,2.457,0.200,2.148,0.470,2.000,0.229
121.920,7620,DRIVE,-3.324,-3.370,0.135,-2.830,-0.960,2.460,0.200,2.264,0.695,2.000,0.237
122.000,7625,DRIVE,-3.331,-3.370,0.085,-2.830,-0.960,2.462,0.200,2.297,0.892,2.000,0.240
122.080,7630,DRIVE,-3.335,-3.371,0.067,-2.830,-0.960,2.463,0.200,2.297,0.986,2.000,0.250
122.160,7635,DRIVE,-3.336,-3.371,0.079,-2.830,-0.960,2.463,0.200,2.272,0.928,2.000,0.244
122.240,7640,DRIVE,-3.334,-3.370,0.117,-2.830,-0.960,2.463,0.200,2.223,0.766,2.000,0.241
122.320,7645,DRIVE,-3.328,-3.370,0.180,-2.830,-0.960,2.461,0.200,2.152,0.586,2.000,0.241
122.400,7650,DRIVE,-3.319,-3.367,0.265,-2.830,-0.960,2.457,0.200,2.061,0.436,1.959,0.237
122.480,7655,DRIVE,-3.307,-3.363,0.370,-2.830,-0.960,2.450,0.200,1.953,0.323,1.043,0.232
122.560,7660,DRIVE,-3.293,-3.357,0.485,-2.830,-0.960,2.441,0.200,1.840,0.244,0.659,0.226
122.640,7665,DRIVE,-3.279,-3.348,0.591,-2.830,-0.960,2.430,0.189,1.689,0.192,0.472,0.217
122.720,7670,DRIVE,-3.268,-3.340,0.678,-2.830,-0.960,2.420,0.142,0.960,0.157,0.367,0.202
122.800,7675,DRIVE,-3.259,-3.332,0.740,-2.830,-0.960,2.411,0.120,0.755,0.134,0.308,0.200
122.880,7680,DRIVE,-3.252,-3.325,0.784,-2.830,-0.960,2.403,0.120,0.616,0.118,0.270,0.202
122.960,7685,DRIVE,-3.246,-3.319,0.820,-2.830,-0.960,2.395,0.120,0.507,0.104,0.240,0.200
123.600,7725,DRIVE,-3.270,-3.364,1.323,-2.830,-0.960,2.444,0.188,-0.471,0.131,0.166,0.213
123.680,7730,DRIVE,-3.270,-3.369,1.467,-2.830,-0.960,2.449,0.211,-0.763,0.140,0.155,0.220
123.760,7735,DRIVE,-3.271,-3.371,1.587,-2.830,-0.960,2.451,0.228,-0.218,0.150,0.148,0.222
123.840,7740,DRIVE,-3.271,-3.369,1.692,-2.830,-0.960,2.449,0.210,-0.427,0.157,0.140,0.222
123.920,7745,DRIVE,-3.272,-3.364,1.755,-2.830,-0.960,2.444,0.120,-0.558,0.159,0.133,0.221
124.000,7750,DRIVE,-3.273,-3.359,1.764,-2.830,-0.960,2.439,0.120,-0.577,0.155,0.128,0.220
124.080,7755,DRIVE,-3.274,-3.351,1.742,-2.830,-0.960,2.432,0.120,-0.525,0.143,0.120,0.212
124.160,7760,DRIVE,-3.275,-3.342,1.708,-2.830,-0.960,2.423,0.120,-0.444,0.129,0.111,0.206
124.240,7765,DRIVE,-3.277,-3.332,1.679,-2.830,-0.960,2.414,0.120,-0.342,0.116,0.102,0.205
124.880,7805,DRIVE,-3.284,-3.387,1.150,-2.830,-0.960,2.469,0.260,-0.785,0.162,0.230,0.233
124.960,7810,DRIVE,-3.286,-3.390,1.004,-2.830,-0.960,2.472,0.295,-0.261,0.177,0.279,0.250
125.040,7815,DRIVE,-3.283,-3.387,0.870,-2.830,-0.960,2.469,0.330,0.226,0.191,0.334,0.250
125.120,7820,DRIVE,-3.278,-3.381,0.747,-2.830,-0.960,2.462,0.350,0.651,0.207,0.402,0.250
125.200,7825,DRIVE,-3.270,-3.374,0.660,-2.830,-0.960,2.454,0.350,0.923,0.220,0.465,0.245
125.280,7830,DRIVE,-3.259,-3.367,0.609,-2.830,-0.960,2.445,0.200,1.119,0.224,0.505,0.237
125.360,7835,DRIVE,-3.249,-3.360,0.599,-2.830,-0.960,2.436,0.200,1.220,0.215,0.500,0.229
125.440,7840,DRIVE,-3.238,-3.352,0.634,-2.830,-0.960,2.427,0.191,1.165,0.193,0.444,0.219
125.520,7845,DRIVE,-3.227,-3.343,0.693,-2.830,-0.960,2.416,0.154,0.902,0.166,0.372,0.210
125.600,7850,DRIVE,-3.218,-3.336,0.737,-2.830,-0.960,2.407,0.128,0.518,0.146,0.325,0.203
125.680,7855,DRIVE,-3.211,-3.329,0.766,-2.830,-0.960,2.400,0.120,0.404,0.132,0.295,0.206
125.760,7860,DRIVE,-3.205,-3.322,0.789,-2.830,-0.960,2.392,0.120,0.312,0.119,0.270,0.200
125.840,7865,DRIVE,-3.198,-3.316,0.807,-2.830,-0.960,2.384,0.120,0.241,0.108,0.249,0.225
126.480,7905,DRIVE,-3.224,-3.354,1.135,-2.830,-0.960,2.426,0.181,-0.342,0.128,0.194,0.208
126.560,7910,DRIVE,-3.226,-3.361,1.268,-2.830,-0.960,2.433,0.192,-0.674,0.132,0.177,0.211
126.640,7915,DRIVE,-3.227,-3.365,1.381,-2.830,-0.960,2.437,0.204,-0.933,0.138,0.165,0.219
126.720,7920,DRIVE,-3.227,-3.366,1.468,-2.830,-0.960,2.439,0.214,-1.125,0.142,0.156,0.224
126.800,7925,DRIVE,-3.227,-3.365,1.525,-2.830,-0.960,2.437,0.218,-1.272,0.143,0.150,0.221
126.880,7930,DRIVE,-3.227,-3.361,1.549,-2.830,-0.960,2.433,0.211,-1.384,0.140,0.143,0.220
126.960,7935,DRIVE,-3.227,-3.354,1.537,-2.830,-0.960,2.427,0.193,-1.444,0.133,0.137,0.213
127.040,7940,DRIVE,-3.226,-3.346,1.486,-2.830,-0.960,2.418,0.165,-1.429,0.121,0.132,0.211
127.120,7945,DRIVE,-3.225,-3.335,1.400,-2.830,-0.960,2.408,0.131,-1.339,0.106,0.129,0.203
127.760,7985,DRIVE,-3.254,-3.364,0.588,-2.830,-0.960,2.441,0.200,1.220,0.228,0.527,0.229
127.840,7990,DRIVE,-3.259,-3.367,0.469,-2.830,-0.960,2.445,0.200,1.470,0.287,0.755,0.233
127.920,7995,DRIVE,-3.265,-3.370,0.389,-2.830,-0.960,2.449,0.200,1.614,0.345,1.029,0.241
128.000,8000,DRIVE,-3.268,-3.371,0.339,-2.830,-0.960,2.451,0.200,1.704,0.395,1.317,0.250
128.080,8005,DRIVE,-3.269,-3.371,0.315,-2.830,-0.960,2.451,0.200,1.751,0.421,1.504,0.249
128.160,8010,DRIVE,-3.267,-3.371,0.318,-2.830,-0.960,2.450,0.200,1.760,0.416,1.474,0.248
128.240,8015,DRIVE,-3.262,-3.369,0.347,-2.830,-0.960,2.447,0.200,1.736,0.384,1.258,0.248
128.320,8020,DRIVE,-3.253,-3.365,0.399,-2.830,-0.960,2.442,0.200,1.684,0.336,0.986,0.245
128.400,8025,DRIVE,-3.242,-3.360,0.472,-2.830,-0.960,2.435,0.200,1.607,0.283,0.743,0.242
128.480,8030,DRIVE,-3.229,-3.352,0.561,-2.830,-0.960,2.425,0.200,1.517,0.232,0.556,0.239
128.560,8035,DRIVE,-3.216,-3.343,0.646,-2.830,-0.960,2.414,0.188,1.028,0.191,0.433,0.227
128.640,8040,DRIVE,-3.204,-3.334,0.709,-2.830,-0.960,2.403,0.149,0.778,0.162,0.359,0.214
128.720,8045,DRIVE,-3.196,-3.326,0.755,-2.830,-0.960,2.394,0.123,0.610,0.143,0.313,0.210
128.800,8050,DRIVE,-3.189,-3.320,0.791,-2.830,-0.960,2.387,0.120,0.485,0.128,0.280,0.200
128.880,8055,DRIVE,-3.182,-3.313,0.819,-2.830,-0.960,2.379,0.120,0.387,0.115,0.254,0.203
128.960,8060,DRIVE,-3.176,-3.305,0.841,-2.830,-0.960,2.371,0.120,0.312,0.103,0.232,0.200
129.600,8100,DRIVE,-3.203,-3.351,1.258,-2.830,-0.960,2.420,0.191,-0.433,0.132,0.178,0.216
129.680,8105,DRIVE,-3.204,-3.356,1.396,-2.830,-0.960,2.425,0.208,-0.763,0.139,0.164,0.220
129.760,8110,DRIVE,-3.204,-3.359,1.510,-2.830,-0.960,2.428,0.225,-1.018,0.146,0.155,0.225
129.840,8115,DRIVE,-3.204,-3.358,1.597,-2.830,-0.960,2.427,0.229,-0.463,0.152,0.148,0.225
129.920,8120,DRIVE,-3.205,-3.353,1.667,-2.830,-0.960,2.422,0.207,-0.598,0.152,0.139,0.224
130.000,8125,DRIVE,-3.205,-3.346,1.690,-2.830,-0.960,2.416,0.120,-0.626,0.147,0.131,0.219
130.080,8130,DRIVE,-3.206,-3.339,1.666,-2.830,-0.960,2.408,0.120,-0.545,0.136,0.124,0.211
130.160,8135,DRIVE,-3.207,-3.329,1.630,-2.830,-0.960,2.399,0.152,-0.432,0.123,0.115,0.205
130.240,8140,DRIVE,-3.207,-3.318,1.602,-2.830,-0.960,2.388,0.127,-0.330,0.109,0.105,0.205
130.880,8180,DRIVE,-3.218,-3.366,1.152,-2.830,-0.960,2.437,0.239,-0.283,0.152,0.219,0.228
130.960,8185,DRIVE,-3.220,-3.371,1.012,-2.830,-0.960,2.442,0.276,0.219,0.168,0.267,0.240
131.040,8190,DRIVE,-3.220,-3.370,0.882,-2.830,-0.960,2.441,0.312,0.695,0.184,0.321,0.250
131.120,8195,DRIVE,-3.217,-3.367,0.769,-2.830,-0.960,2.438,0.200,1.132,0.200,0.383,0.247
131.200,8200,DRIVE,-3.213,-3.364,0.701,-2.830,-0.960,2.434,0.200,1.331,0.211,0.430,0.244
131.280,8205,DRIVE,-3.209,-3.360,0.683,-2.830,-0.960,2.430,0.200,1.405,0.211,0.440,0.241
131.360,8210,DRIVE,-3.204,-3.356,0.699,-2.830,-0.960,2.425,0.200,1.407,0.201,0.417,0.235
131.440,8215,DRIVE,-3.196,-3.349,0.741,-2.830,-0.960,2.417,0.176,1.230,0.182,0.371,0.229
131.520,8220,DRIVE,-3.187,-3.341,0.806,-2.830,-0.960,2.407,0.144,0.966,0.158,0.314,0.220
131.600,8225,DRIVE,-3.180,-3.333,0.861,-2.830,-0.960,2.398,0.120,0.758,0.139,0.272,0.210
131.680,8230,DRIVE,-3.174,-3.325,0.902,-2.830,-0.960,2.390,0.120,0.605,0.125,0.242,0.205
131.760,8235,DRIVE,-3.168,-3.318,0.934,-2.830,-0.960,2.382,0.120,0.493,0.112,0.219,0.201
131.840,8240,DRIVE,-3.163,-3.310,0.950,-2.830,-0.960,2.373,0.120,-0.190,0.101,0.202,0.224
132.480,8280,DRIVE,-3.195,-3.359,1.191,-2.830,-0.960,2.427,0.223,-0.242,0.146,0.204,0.222
132.560,8285,DRIVE,-3.197,-3.364,1.317,-2.830,-0.960,2.432,0.231,-0.554,0.149,0.187,0.230
132.640,8290,DRIVE,-3.197,-3.364,1.433,-2.830,-0.960,2.432,0.237,-0.841,0.152,0.171,0.234
132.720,8295,DRIVE,-3.197,-3.362,1.518,-2.830,-0.960,2.430,0.241,-1.061,0.153,0.161,0.233
132.800,8300,DRIVE,-3.197,-3.358,1.570,-2.830,-0.960,2.426,0.237,-1.234,0.152,0.152,0.230
132.880,8305,DRIVE,-3.197,-3.349,1.598,-2.830,-0.960,2.417,0.212,-0.553,0.145,0.141,0.223
132.960,8310,DRIVE,-3.197,-3.338,1.598,-2.830,-0.960,2.406,0.183,-0.505,0.132,0.128,0.214
133.040,8315,DRIVE,-3.197,-3.324,1.568,-2.830,-0.960,2.393,0.153,-1.653,0.115,0.116,0.208
133.760,8360,DRIVE,-3.219,-3.335,0.614,-2.830,-0.960,2.407,0.186,1.466,0.189,0.451,0.211
133.840,8365,DRIVE,-3.223,-3.338,0.515,-2.830,-0.960,2.411,0.200,1.738,0.229,0.597,0.212
133.920,8370,DRIVE,-3.228,-3.341,0.459,-2.830,-0.960,2.414,0.200,1.831,0.261,0.726,0.220
134.000,8375,DRIVE,-3.230,-3.342,0.430,-2.830,-0.960,2.415,0.200,1.876,0.280,0.810,0.224
134.080,8380,DRIVE,-3.229,-3.341,0.427,-2.830,-0.960,2.415,0.200,1.885,0.281,0.818,0.224
134.160,8385,DRIVE,-3.226,-3.340,0.449,-2.830,-0.960,2.413,0.200,1.863,0.267,0.753,0.224
134.240,8390,DRIVE,-3.220,-3.337,0.493,-2.830,-0.960,2.408,0.200,1.812,0.240,0.643,0.224
134.320,8395,DRIVE,-3.211,-3.331,0.558,-2.830,-0.960,2.402,0.200,1.736,0.207,0.521,0.217
134.400,8400,DRIVE,-3.199,-3.324,0.640,-2.830,-0.960,2.392,0.161,1.235,0.171,0.408,0.210
134.480,8405,DRIVE,-3.190,-3.316,0.709,-2.830,-0.960,2.383,0.125,0.933,0.144,0.334,0.204
134.560,8410,DRIVE,-3.183,-3.309,0.762,-2.830,-0.960,2.376,0.120,0.720,0.126,0.288,0.204
134.640,8415,DRIVE,-3.176,-3.302,0.803,-2.830,-0.960,2.368,0.120,0.556,0.111,0.254,0.202
135.360,8460,DRIVE,-3.197,-3.347,1.364,-2.830,-0.960,2.415,0.195,-0.870,0.134,0.163,0.215
135.440,8465,DRIVE,-3.198,-3.352,1.488,-2.830,-0.960,2.420,0.219,-1.121,0.144,0.156,0.224
135.520,8470,DRIVE,-3.198,-3.354,1.586,-2.830,-0.960,2.422,0.234,-0.574,0.152,0.150,0.225
135.600,8475,DRIVE,-3.198,-3.351,1.666,-2.830,-0.960,2.420,0.124,-0.746,0.157,0.143,0.230
135.680,8480,DRIVE,-3.198,-3.348,1.691,-2.830,-0.960,2.417,0.120,-0.795,0.156,0.139,0.220
135.760,8485,DRIVE,-3.199,-3.343,1.677,-2.830,-0.960,2.412,0.120,-0.746,0.149,0.134,0.219
135.840,8490,DRIVE,-3.200,-3.335,1.638,-2.830,-0.960,2.404,0.120,-0.631,0.136,0.127,0.219
135.920,8495,DRIVE,-3.200,-3.325,1.596,-2.830,-0.960,2.394,0.120,-0.506,0.122,0.119,0.208
136.000,8500,DRIVE,-3.200,-3.316,1.559,-2.830,-0.960,2.385,0.139,-1.740,0.109,0.111,0.200
136.640,8540,DRIVE,-3.224,-3.346,0.754,-2.830,-0.960,2.419,0.171,1.019,0.178,0.361,0.219
136.720,8545,DRIVE,-3.229,-3.351,0.625,-2.830,-0.960,2.424,0.200,1.429,0.217,0.484,0.230
136.800,8550,DRIVE,-3.235,-3.354,0.544,-2.830,-0.960,2.428,0.200,1.546,0.252,0.604,0.234
136.880,8555,DRIVE,-3.238,-3.356,0.490,-2.830,-0.960,2.431,0.200,1.622,0.282,0.716,0.238
136.960,8560,DRIVE,-3.239,-3.356,0.460,-2.830,-0.960,2.431,0.200,1.671,0.300,0.791,0.242
137.040,8565,DRIVE,-3.237,-3.356,0.456,-2.830,-0.960,2.430,0.200,1.699,0.301,0.799,0.243
137.120,8570,DRIVE,-3.233,-3.353,0.477,-2.830,-0.960,2.427,0.200,1.707,0.286,0.741,0.241
137.200,8575,DRIVE,-3.226,-3.349,0.521,-2.830,-0.960,2.422,0.200,1.699,0.258,0.638,0.240
137.280,8580,DRIVE,-3.216,-3.343,0.587,-2.830,-0.960,2.414,0.200,1.663,0.223,0.521,0.232
137.360,8585,DRIVE,-3.204,-3.334,0.671,-2.830,-0.960,2.404,0.180,1.441,0.185,0.411,0.223
137.440,8590,DRIVE,-3.194,-3.326,0.749,-2.830,-0.960,2.394,0.142,1.107,0.156,0.333,0.211
137.520,8595,DRIVE,-3.187,-3.318,0.813,-2.830,-0.960,2.385,0.120,0.856,0.136,0.283,0.201
137.600,8600,DRIVE,-3.180,-3.311,0.861,-2.830,-0.960,2.377,0.120,0.670,0.120,0.248,0.202
137.680,8605,DRIVE,-3.174,-3.304,0.898,-2.830,-0.960,2.369,0.120,0.529,0.106,0.221,0.200
138.320,8645,DRIVE,-3.193,-3.348,1.382,-2.830,-0.960,2.415,0.209,-0.827,0.140,0.167,0.214
138.400,8650,DRIVE,-3.194,-3.354,1.532,-2.830,-0.960,2.422,0.241,-1.116,0.153,0.159,0.225
138.480,8655,DRIVE,-3.194,-3.357,1.664,-2.830,-0.960,2.424,0.137,-0.739,0.166,0.153,0.230
138.560,8660,DRIVE,-3.194,-3.357,1.756,-2.830,-0.960,2.424,0.134,-0.948,0.177,0.150,0.231
138.640,8665,DRIVE,-3.194,-3.356,1.789,-2.830,-0.960,2.424,0.133,-1.023,0.182,0.150,0.233
138.720,8670,DRIVE,-3.194,-3.354,1.787,-2.830,-0.960,2.421,0.129,-1.023,0.178,0.147,0.233
138.800,8675,DRIVE,-3.195,-3.348,1.757,-2.830,-0.960,2.416,0.122,-0.947,0.168,0.142,0.230
138.880,8680,DRIVE,-3.197,-3.340,1.703,-2.830,-0.960,2.408,0.120,-0.798,0.152,0.134,0.219
138.960,8685,DRIVE,-3.198,-3.330,1.651,-2.830,-0.960,2.398,0.120,-0.652,0.137,0.126,0.214
139.040,8690,DRIVE,-3.198,-3.321,1.607,-2.830,-0.960,2.389,0.120,-0.526,0.123,0.118,0.202
139.120,8695,DRIVE,-3.198,-3.311,1.572,-2.830,-0.960,2.380,0.120,-0.418,0.110,0.109,0.200
139.760,8735,DRIVE,-3.219,-3.347,0.906,-2.830,-0.960,2.419,0.147,1.131,0.160,0.285,0.226
139.840,8740,DRIVE,-3.224,-3.353,0.784,-2.830,-0.960,2.426,0.184,1.537,0.188,0.361,0.240
139.920,8745,DRIVE,-3.230,-3.358,0.704,-2.830,-0.960,2.431,0.200,1.720,0.213,0.431,0.242
140.000,8750,DRIVE,-3.233,-3.361,0.654,-2.830,-0.960,2.435,0.200,1.772,0.231,0.484,0.247
140.080,8755,DRIVE,-3.235,-3.362,0.631,-2.830,-0.960,2.436,0.200,1.801,0.240,0.513,0.248
140.160,8760,DRIVE,-3.233,-3.361,0.630,-2.830,-0.960,2.435,0.200,1.816,0.239,0.511,0.248
140.240,8765,DRIVE,-3.230,-3.358,0.653,-2.830,-0.960,2.432,0.200,1.819,0.227,0.480,0.248
140.320,8770,DRIVE,-3.224,-3.354,0.700,-2.830,-0.960,2.426,0.200,1.807,0.207,0.425,0.243
140.400,8775,DRIVE,-3.216,-3.346,0.774,-2.830,-0.960,2.417,0.174,1.623,0.180,0.355,0.240
140.480,8780,DRIVE,-3.207,-3.337,0.865,-2.830,-0.960,2.407,0.138,1.287,0.153,0.289,0.229
140.560,8785,DRIVE,-3.201,-3.329,0.934,-2.830,-0.960,2.398,0.120,1.042,0.135,0.246,0.212
140.640,8790,DRIVE,-3.195,-3.321,0.989,-2.830,-0.960,2.389,0.120,0.859,0.120,0.216,0.210
140.720,8795,DRIVE,-3.190,-3.313,1.035,-2.830,-0.960,2.380,0.120,0.707,0.108,0.191,0.200
141.360,8835,DRIVE,-3.198,-3.356,1.602,-2.830,-0.960,2.424,0.246,-0.640,0.160,0.155,0.228
141.440,8840,DRIVE,-3.197,-3.364,1.752,-2.830,-0.960,2.431,0.145,-0.968,0.185,0.158,0.239
141.520,8845,DRIVE,-3.195,-3.370,1.850,-2.830,-0.960,2.438,0.155,-1.187,0.209,0.166,0.250
141.600,8850,DRIVE,-3.194,-3.375,1.914,-2.830,-0.960,2.442,0.164,-1.331,0.227,0.173,0.256
141.680,8855,DRIVE,-3.193,-3.376,1.943,-2.830,-0.960,2.443,0.167,-1.395,0.235,0.175,0.256
141.760,8860,DRIVE,-3.194,-3.374,1.946,-2.830,-0.960,2.441,0.164,-1.403,0.234,0.173,0.259
141.840,8865,DRIVE,-3.196,-3.370,1.922,-2.830,-0.960,2.437,0.157,-1.357,0.223,0.167,0.254
141.920,8870,DRIVE,-3.198,-3.362,1.871,-2.830,-0.960,2.430,0.145,-1.257,0.204,0.158,0.251
142.000,8875,DRIVE,-3.201,-3.352,1.796,-2.830,-0.960,2.420,0.130,-1.110,0.180,0.147,0.245
142.080,8880,DRIVE,-3.202,-3.342,1.725,-2.830,-0.960,2.411,0.120,-0.934,0.160,0.138,0.232
142.160,8885,DRIVE,-3.204,-3.333,1.664,-2.830,-0.960,2.402,0.120,-0.771,0.143,0.130,0.219
142.240,8890,DRIVE,-3.204,-3.323,1.613,-2.830,-0.960,2.392,0.120,-0.631,0.128,0.123,0.216
142.320,8895,DRIVE,-3.204,-3.313,1.570,-2.830,-0.960,2.383,0.120,-1.786,0.115,0.115,0.203
142.400,8900,DRIVE,-3.204,-3.304,1.496,-2.830,-0.960,2.373,0.120,-1.748,0.100,0.110,0.201
143.040,8940,DRIVE,-3.233,-3.337,0.553,-2.830,-0.960,2.411,0.000,2.500,0.229,0.560,0.220
143.120,8945,DRIVE,-3.238,-3.340,0.445,-2.830,-0.960,2.415,0.000,2.500,0.286,0.793,0.228
143.200,8950,DRIVE,-3.243,-3.342,0.382,-2.830,-0.960,2.418,0.000,2.500,0.334,1.028,0.232
143.280,8955,DRIVE,-3.249,-3.344,0.368,-2.830,-0.960,2.421,0.000,2.500,0.351,1.104,0.239
143.360,8960,DRIVE,-3.254,-3.346,0.405,-2.830,-0.960,2.424,0.000,2.500,0.328,0.955,0.241
143.440,8965,DRIVE,-3.259,-3.349,0.489,-2.830,-0.960,2.427,0.000,2.500,0.282,0.717,0.241
143.520,8970,DRIVE,-3.262,-3.350,0.596,-2.830,-0.960,2.429,0.200,1.690,0.240,0.539,0.241
143.600,8975,DRIVE,-3.259,-3.348,0.700,-2.830,-0.960,2.426,0.200,1.500,0.206,0.423,0.238
143.680,8980,DRIVE,-3.252,-3.342,0.810,-2.830,-0.960,2.419,0.165,1.135,0.174,0.333,0.231
143.760,8985,DRIVE,-3.245,-3.333,0.881,-2.830,-0.960,2.409,0.136,0.858,0.152,0.282,0.221
143.840,8990,DRIVE,-3.239,-3.325,0.927,-2.830,-0.960,2.400,0.120,0.671,0.136,0.250,0.210
143.920,8995,DRIVE,-3.233,-3.317,0.961,-2.830,-0.960,2.392,0.120,0.530,0.124,0.226,0.204
144.000,9000,DRIVE,-3.228,-3.310,0.988,-2.830,-0.960,2.383,0.120,0.415,0.112,0.206,0.207
144.080,9005,DRIVE,-3.222,-3.301,1.010,-2.830,-0.960,2.374,0.120,0.320,0.100,0.187,0.205
144.720,9045,DRIVE,-3.242,-3.353,1.493,-2.830,-0.960,2.429,0.245,-0.686,0.155,0.166,0.227
144.800,9050,DRIVE,-3.242,-3.356,1.654,-2.830,-0.960,2.431,0.253,-0.445,0.170,0.158,0.238
144.880,9055,DRIVE,-3.242,-3.356,1.789,-2.830,-0.960,2.431,0.139,-0.754,0.187,0.155,0.238
144.960,9060,DRIVE,-3.242,-3.355,1.862,-2.830,-0.960,2.430,0.138,-0.930,0.198,0.154,0.238
145.040,9065,DRIVE,-3.242,-3.353,1.882,-2.830,-0.960,2.429,0.137,-0.980,0.200,0.152,0.238
145.120,9070,DRIVE,-3.244,-3.349,1.873,-2.830,-0.960,2.425,0.131,-0.961,0.193,0.148,0.240
145.200,9075,DRIVE,-3.246,-3.343,1.836,-2.830,-0.960,2.419,0.121,-0.882,0.179,0.141,0.230
145.280,9080,DRIVE,-3.248,-3.333,1.782,-2.830,-0.960,2.410,0.120,-0.730,0.161,0.131,0.214
145.360,9085,DRIVE,-3.250,-3.324,1.736,-2.830,-0.960,2.401,0.120,-0.589,0.145,0.122,0.214
145.440,9090,DRIVE,-3.251,-3.314,1.698,-2.830,-0.960,2.392,0.120,-0.469,0.130,0.113,0.203
145.520,9095,DRIVE,-3.252,-3.305,1.668,-2.830,-0.960,2.383,0.120,-0.367,0.117,0.104,0.202
146.160,9135,DRIVE,-3.260,-3.354,1.197,-2.830,-0.960,2.432,0.139,1.181,0.154,0.212,0.230
146.240,9140,DRIVE,-3.264,-3.363,1.097,-2.830,-0.960,2.442,0.159,1.469,0.170,0.249,0.236
146.320,9145,DRIVE,-3.268,-3.370,1.032,-2.830,-0.960,2.449,0.177,1.635,0.182,0.279,0.249
146.400,9150,DRIVE,-3.271,-3.373,0.992,-2.830,-0.960,2.453,0.188,1.734,0.191,0.299,0.255
146.480,9155,DRIVE,-3.271,-3.374,0.975,-2.830,-0.960,2.454,0.192,1.779,0.194,0.307,0.262
146.560,9160,DRIVE,-3.270,-3.373,0.981,-2.830,-0.960,2.453,0.189,1.768,0.191,0.302,0.262
146.640,9165,DRIVE,-3.268,-3.369,1.010,-2.830,-0.960,2.448,0.178,1.700,0.183,0.285,0.261
146.720,9170,DRIVE,-3.264,-3.362,1.065,-2.830,-0.960,2.441,0.161,1.557,0.171,0.258,0.255
146.800,9175,DRIVE,-3.259,-3.352,1.145,-2.830,-0.960,2.430,0.140,1.324,0.155,0.223,0.245
146.880,9180,DRIVE,-3.255,-3.342,1.222,-2.830,-0.960,2.420,0.122,1.106,0.142,0.194,0.233
146.960,9185,DRIVE,-3.252,-3.333,1.288,-2.830,-0.960,2.410,0.120,0.921,0.131,0.172,0.221
147.040,9190,DRIVE,-3.249,-3.324,1.345,-2.830,-0.960,2.401,0.120,0.763,0.121,0.153,0.211
147.120,9195,DRIVE,-3.248,-3.314,1.393,-2.830,-0.960,2.391,0.120,0.629,0.112,0.136,0.208
147.200,9200,DRIVE,-3.246,-3.305,1.433,-2.830,-0.960,2.381,0.120,0.514,0.103,0.121,0.200
147.840,9240,DRIVE,-3.237,-3.356,1.998,-2.830,-0.960,2.430,0.146,-1.233,0.229,0.160,0.225
147.920,9245,DRIVE,-3.232,-3.364,2.091,-2.830,-0.960,2.437,0.167,-1.455,0.266,0.175,0.240
148.000,9250,DRIVE,-3.229,-3.370,2.152,-2.830,-0.960,2.442,0.184,-1.606,0.296,0.188,0.251
148.080,9255,DRIVE,-3.227,-3.373,2.190,-2.830,-0.960,2.445,0.194,-1.703,0.315,0.196,0.259
148.160,9260,DRIVE,-3.226,-3.373,2.205,-2.830,-0.960,2.445,0.197,-1.744,0.322,0.198,0.262
148.240,9265,DRIVE,-3.228,-3.370,2.197,-2.830,-0.960,2.443,0.192,-1.727,0.315,0.194,0.260
148.320,9270,DRIVE,-3.231,-3.366,2.165,-2.830,-0.960,2.439,0.179,-1.651,0.295,0.184,0.260
148.400,9275,DRIVE,-3.236,-3.358,2.108,-2.830,-0.960,2.432,0.160,-1.519,0.264,0.170,0.251
148.480,9280,DRIVE,-3.242,-3.348,2.027,-2.830,-0.960,2.423,0.137,-1.340,0.227,0.153,0.243
148.560,9285,DRIVE,-3.246,-3.339,1.949,-2.830,-0.960,2.415,0.120,-1.159,0.197,0.139,0.227
148.640,9290,DRIVE,-3.249,-3.330,1.880,-2.830,-0.960,2.406,0.120,-0.966,0.173,0.128,0.218
148.720,9295,DRIVE,-3.251,-3.320,1.821,-2.830,-0.960,2.398,0.120,-0.801,0.153,0.118,0.210
148.800,9300,DRIVE,-3.253,-3.311,1.771,-2.830,-0.960,2.389,0.120,-0.659,0.136,0.109,0.200
149.520,9345,DRIVE,-3.265,-3.359,1.104,-2.830,-0.960,2.438,0.156,1.430,0.167,0.245,0.242
149.600,9350,DRIVE,-3.270,-3.367,1.028,-2.830,-0.960,2.447,0.175,1.647,0.182,0.279,0.253
149.680,9355,DRIVE,-3.273,-3.372,0.980,-2.830,-0.960,2.452,0.190,1.767,0.192,0.304,0.261
149.760,9360,DRIVE,-3.274,-3.374,0.954,-2.830,-0.960,2.455,0.197,1.833,0.198,0.317,0.263
149.840,9365,DRIVE,-3.274,-3.373,0.951,-2.830,-0.960,2.454,0.197,1.845,0.198,0.318,0.267
149.920,9370,DRIVE,-3.272,-3.370,0.971,-2.830,-0.960,2.451,0.189,1.799,0.192,0.305,0.261
150.000,9375,DRIVE,-3.268,-3.365,1.015,-2.830,-0.960,2.444,0.174,1.693,0.180,0.280,0.257
150.080,9380,DRIVE,-3.263,-3.356,1.085,-2.830,-0.960,2.435,0.153,1.482,0.165,0.246,0.254
150.160,9385,DRIVE,-3.258,-3.346,1.168,-2.830,-0.960,2.424,0.132,1.240,0.149,0.212,0.245
150.240,9390,DRIVE,-3.255,-3.336,1.241,-2.830,-0.960,2.414,0.120,1.036,0.137,0.186,0.232
150.320,9395,DRIVE,-3.252,-3.327,1.304,-2.830,-0.960,2.405,0.120,0.862,0.126,0.164,0.220
150.400,9400,DRIVE,-3.250,-3.318,1.358,-2.830,-0.960,2.395,0.120,0.714,0.117,0.146,0.211
150.480,9405,DRIVE,-3.248,-3.309,1.403,-2.830,-0.960,2.385,0.120,0.588,0.108,0.130,0.200
151.200,9450,DRIVE,-3.236,-3.357,2.038,-2.830,-0.960,2.431,0.154,-1.347,0.243,0.165,0.236
151.280,9455,DRIVE,-3.232,-3.365,2.115,-2.830,-0.960,2.438,0.173,-1.532,0.277,0.180,0.250
151.360,9460,DRIVE,-3.229,-3.369,2.166,-2.830,-0.960,2.442,0.188,-1.659,0.303,0.191,0.254
151.440,9465,DRIVE,-3.228,-3.371,2.195,-2.830,-0.960,2.444,0.195,-1.733,0.317,0.196,0.263
151.520,9470,DRIVE,-3.228,-3.371,2.200,-2.830,-0.960,2.443,0.195,-1.749,0.319,0.196,0.261
151.600,9475,DRIVE,-3.230,-3.367,2.182,-2.830,-0.960,2.440,0.187,-1.708,0.306,0.190,0.261
151.680,9480,DRIVE,-3.234,-3.361,2.140,-2.830,-0.960,2.435,0.171,-1.609,0.281,0.178,0.259
151.760,9485,DRIVE,-3.239,-3.353,2.072,-2.830,-0.960,2.428,0.150,-1.454,0.247,0.163,0.252
151.840,9490,DRIVE,-3.244,-3.343,1.989,-2.830,-0.960,2.418,0.129,-1.274,0.212,0.147,0.241
151.920,9495,DRIVE,-3.248,-3.333,1.913,-2.830,-0.960,2.410,0.120,-1.074,0.185,0.135,0.230
152.000,9500,DRIVE,-3.251,-3.324,1.849,-2.830,-0.960,2.401,0.120,-0.894,0.164,0.124,0.220
152.080,9505,DRIVE,-3.253,-3.315,1.793,-2.830,-0.960,2.393,0.120,-0.739,0.145,0.114,0.209
152.160,9510,DRIVE,-3.255,-3.306,1.747,-2.830,-0.960,2.384,0.120,-0.606,0.129,0.105,0.206
152.800,9550,DRIVE,-3.264,-3.352,1.165,-2.830,-0.960,2.431,0.251,0.216,0.157,0.222,0.233
152.880,9555,DRIVE,-3.266,-3.356,1.015,-2.830,-0.960,2.435,0.287,0.697,0.173,0.272,0.244
152.960,9560,DRIVE,-3.266,-3.356,0.893,-2.830,-0.960,2.436,0.185,1.113,0.189,0.324,0.249
153.040,9565,DRIVE,-3.266,-3.357,0.818,-2.830,-0.960,2.436,0.200,1.368,0.202,0.366,0.251
153.120,9570,DRIVE,-3.266,-3.356,0.784,-2.830,-0.960,2.435,0.200,1.451,0.209,0.388,0.254
153.200,9575,DRIVE,-3.263,-3.354,0.778,-2.830,-0.960,2.433,0.200,1.497,0.206,0.388,0.251
153.280,9580,DRIVE,-3.259,-3.349,0.799,-2.830,-0.960,2.427,0.195,1.484,0.196,0.366,0.248
153.360,9585,DRIVE,-3.252,-3.342,0.846,-2.830,-0.960,2.419,0.172,1.319,0.179,0.327,0.239
153.440,9590,DRIVE,-3.245,-3.333,0.913,-2.830,-0.960,2.409,0.145,1.069,0.159,0.281,0.230
153.520,9595,DRIVE,-3.238,-3.324,0.968,-2.830,-0.960,2.399,0.123,0.862,0.142,0.247,0.219
153.600,9600,DRIVE,-3.233,-3.316,1.013,-2.830,-0.960,2.390,0.120,0.697,0.129,0.220,0.214
153.680,9605,DRIVE,-3.228,-3.308,1.051,-2.830,-0.960,2.381,0.120,0.560,0.117,0.198,0.203
153.760,9610,DRIVE,-3.224,-3.299,1.081,-2.830,-0.960,2.372,0.120,0.448,0.106,0.179,0.236
154.400,9650,DRIVE,-3.234,-3.346,1.572,-2.830,-0.960,2.421,0.262,-0.232,0.163,0.162,0.230
154.480,9655,DRIVE,-3.234,-3.351,1.738,-2.830,-0.960,2.425,0.258,-0.627,0.185,0.160,0.240
154.560,9660,DRIVE,-3.234,-3.353,1.876,-2.830,-0.960,2.427,0.150,-0.976,0.210,0.163,0.242
154.640,9665,DRIVE,-3.233,-3.354,1.952,-2.830,-0.960,2.428,0.156,-1.171,0.228,0.167,0.243
154.720,9670,DRIVE,-3.233,-3.354,1.978,-2.830,-0.960,2.428,0.157,-1.236,0.234,0.168,0.250
154.800,9675,DRIVE,-3.234,-3.352,1.977,-2.830,-0.960,2.426,0.154,-1.239,0.231,0.165,0.249
154.880,9680,DRIVE,-3.236,-3.347,1.951,-2.830,-0.960,2.421,0.145,-1.182,0.218,0.159,0.244
154.960,9685,DRIVE,-3.239,-3.339,1.897,-2.830,-0.960,2.413,0.131,-1.045,0.198,0.148,0.236
155.040,9690,DRIVE,-3.242,-3.329,1.834,-2.830,-0.960,2.405,0.120,-0.860,0.176,0.137,0.225
155.120,9695,DRIVE,-3.244,-3.320,1.781,-2.830,-0.960,2.396,0.120,-0.702,0.157,0.128,0.212
155.200,9700,DRIVE,-3.246,-3.310,1.737,-2.830,-0.960,2.387,0.120,-0.568,0.141,0.119,0.210
155.280,9705,DRIVE,-3.247,-3.301,1.700,-2.830,-0.960,2.378,0.120,-0.454,0.127,0.110,0.201
155.360,9710,DRIVE,-3.248,-3.291,1.671,-2.830,-0.960,2.368,0.120,-0.358,0.114,0.101,0.201
156.000,9750,DRIVE,-3.257,-3.346,1.137,-2.830,-0.960,2.424,0.258,0.389,0.160,0.231,0.231
156.080,9755,DRIVE,-3.258,-3.348,0.992,-2.830,-0.960,2.426,0.293,0.867,0.176,0.281,0.242
156.160,9760,DRIVE,-3.258,-3.348,0.888,-2.830,-0.960,2.426,0.186,1.232,0.190,0.327,0.249
156.240,9765,DRIVE,-3.258,-3.348,0.830,-2.830,-0.960,2.426,0.199,1.445,0.200,0.358,0.249
156.320,9770,DRIVE,-3.257,-3.347,0.809,-2.830,-0.960,2.425,0.200,1.512,0.202,0.370,0.251
156.400,9775,DRIVE,-3.254,-3.344,0.815,-2.830,-0.960,2.421,0.196,1.509,0.197,0.360,0.245
156.480,9780,DRIVE,-3.249,-3.338,0.847,-2.830,-0.960,2.415,0.179,1.379,0.184,0.333,0.247
156.560,9785,DRIVE,-3.242,-3.330,0.903,-2.830,-0.960,2.406,0.155,1.169,0.166,0.293,0.241
156.640,9790,DRIVE,-3.235,-3.321,0.964,-2.830,-0.960,2.395,0.131,0.944,0.148,0.255,0.230
156.720,9795,DRIVE,-3.230,-3.312,1.014,-2.830,-0.960,2.386,0.120,0.766,0.134,0.226,0.219
156.800,9800,DRIVE,-3.225,-3.304,1.055,-2.830,-0.960,2.377,0.168,0.400,0.122,0.203,0.213
156.880,9805,DRIVE,-3.220,-3.294,1.082,-2.830,-0.960,2.366,0.137,0.293,0.109,0.183,0.204
157.520,9845,DRIVE,-3.232,-3.337,1.460,-2.830,-0.960,2.411,0.244,-0.550,0.154,0.170,0.233
157.600,9850,DRIVE,-3.233,-3.344,1.618,-2.830,-0.960,2.417,0.269,-0.375,0.172,0.165,0.241
157.680,9855,DRIVE,-3.233,-3.345,1.773,-2.830,-0.960,2.419,0.261,-0.752,0.192,0.162,0.245
157.760,9860,DRIVE,-3.233,-3.344,1.880,-2.830,-0.960,2.418,0.150,-1.029,0.210,0.162,0.245
157.840,9865,DRIVE,-3.233,-3.344,1.923,-2.830,-0.960,2.418,0.150,-1.143,0.218,0.163,0.246
157.920,9870,DRIVE,-3.234,-3.342,1.928,-2.830,-0.960,2.416,0.147,-1.153,0.217,0.161,0.248
158.000,9875,DRIVE,-3.235,-3.337,1.907,-2.830,-0.960,2.411,0.140,-1.084,0.206,0.155,0.246
158.080,9880,DRIVE,-3.238,-3.329,1.860,-2.830,-0.960,2.404,0.127,-0.941,0.188,0.145,0.239
158.160,9885,DRIVE,-3.240,-3.320,1.802,-2.830,-0.960,2.395,0.120,-0.771,0.169,0.135,0.229
158.240,9890,DRIVE,-3.242,-3.310,1.754,-2.830,-0.960,2.386,0.120,-0.626,0.152,0.126,0.217
158.320,9895,DRIVE,-3.244,-3.301,1.714,-2.830,-0.960,2.377,0.120,-0.503,0.136,0.117,0.208
158.400,9900,DRIVE,-3.245,-3.291,1.682,-2.830,-0.960,2.368,0.120,-0.399,0.123,0.108,0.200
159.120,9945,DRIVE,-3.255,-3.339,1.111,-2.830,-0.960,2.417,0.264,0.492,0.163,0.239,0.238
159.200,9950,DRIVE,-3.256,-3.341,0.970,-2.830,-0.960,2.419,0.171,0.971,0.178,0.289,0.247
159.280,9955,DRIVE,-3.256,-3.341,0.877,-2.830,-0.960,2.419,0.189,1.301,0.191,0.332,0.250
159.360,9960,DRIVE,-3.256,-3.341,0.830,-2.830,-0.960,2.419,0.200,1.480,0.200,0.359,0.251
159.440,9965,DRIVE,-3.254,-3.340,0.815,-2.830,-0.960,2.417,0.200,1.527,0.201,0.366,0.251
159.520,9970,DRIVE,-3.251,-3.336,0.826,-2.830,-0.960,2.413,0.192,1.481,0.194,0.353,0.249
159.600,9975,DRIVE,-3.245,-3.330,0.863,-2.830,-0.960,2.406,0.174,1.336,0.180,0.323,0.243
159.680,9980,DRIVE,-3.238,-3.321,0.922,-2.830,-0.960,2.396,0.149,1.116,0.162,0.282,0.231
159.760,9985,DRIVE,-3.232,-3.312,0.980,-2.830,-0.960,2.386,0.126,0.906,0.145,0.247,0.222
159.840,9990,DRIVE,-3.227,-3.304,1.029,-2.830,-0.960,2.377,0.120,0.737,0.131,0.220,0.212
159.920,9995,DRIVE,-3.222,-3.295,1.069,-2.830,-0.960,2.368,0.120,0.598,0.119,0.197,0.207
160.000,10000,DRIVE,-3.218,-3.287,1.101,-2.830,-0.960,2.359,0.120,0.484,0.108,0.178,0.212
160.640,10040,DRIVE,-3.226,-3.331,1.579,-2.830,-0.960,2.404,0.260,-0.188,0.163,0.161,0.225
160.720,10045,DRIVE,-3.225,-3.337,1.745,-2.830,-0.960,2.410,0.259,-0.618,0.187,0.161,0.239
160.800,10050,DRIVE,-3.225,-3.339,1.891,-2.830,-0.960,2.411,0.153,-1.010,0.214,0.165,0.248
160.880,10055,DRIVE,-3.224,-3.341,1.974,-2.830,-0.960,2.413,0.160,-1.247,0.236,0.170,0.251
160.960,10060,DRIVE,-3.224,-3.342,2.004,-2.830,-0.960,2.414,0.164,-1.330,0.245,0.173,0.253
161.040,10065,DRIVE,-3.224,-3.340,2.007,-2.830,-0.960,2.412,0.161,-1.335,0.243,0.171,0.251
161.120,10070,DRIVE,-3.227,-3.335,1.985,-2.830,-0.960,2.408,0.153,-1.264,0.232,0.165,0.250
161.200,10075,DRIVE,-3.230,-3.328,1.938,-2.830,-0.960,2.401,0.140,-1.120,0.212,0.155,0.242
161.280,10080,DRIVE,-3.233,-3.318,1.873,-2.830,-0.960,2.392,0.124,-0.928,0.188,0.143,0.231
161.360,10085,DRIVE,-3.236,-3.309,1.817,-2.830,-0.960,2.383,0.120,-0.762,0.168,0.133,0.222
161.440,10090,DRIVE,-3.238,-3.299,1.769,-2.830,-0.960,2.374,0.120,-0.622,0.151,0.123,0.208
161.520,10095,DRIVE,-3.239,-3.290,1.730,-2.830,-0.960,2.365,0.120,-0.503,0.136,0.114,0.200
161.600,10100,DRIVE,-3.241,-3.280,1.698,-2.830,-0.960,2.356,0.120,-0.403,0.122,0.105,0.216
162.240,10140,DRIVE,-3.248,-3.329,1.205,-2.830,-0.960,2.405,0.247,-0.024,0.156,0.213,0.228
162.320,10145,DRIVE,-3.250,-3.333,1.058,-2.830,-0.960,2.410,0.281,0.480,0.170,0.259,0.240
162.400,10150,DRIVE,-3.250,-3.333,0.922,-2.830,-0.960,2.410,0.316,0.955,0.185,0.311,0.247
162.480,10155,DRIVE,-3.248,-3.331,0.829,-2.830,-0.960,2.407,0.197,1.298,0.198,0.357,0.250
162.560,10160,DRIVE,-3.246,-3.329,0.779,-2.830,-0.960,2.405,0.200,1.445,0.205,0.385,0.250
162.640,10165,DRIVE,-3.244,-3.327,0.773,-2.830,-0.960,2.403,0.200,1.480,0.203,0.386,0.248
162.720,10170,DRIVE,-3.239,-3.322,0.793,-2.830,-0.960,2.397,0.191,1.414,0.193,0.364,0.250
162.800,10175,DRIVE,-3.233,-3.315,0.839,-2.830,-0.960,2.389,0.168,1.227,0.176,0.325,0.238
162.880,10180,DRIVE,-3.225,-3.306,0.903,-2.830,-0.960,2.379,0.141,0.988,0.156,0.281,0.231
162.960,10185,DRIVE,-3.219,-3.297,0.955,-2.830,-0.960,2.369,0.120,0.796,0.140,0.247,0.218
163.040,10190,DRIVE,-3.213,-3.289,0.996,-2.830,-0.960,2.361,0.120,0.646,0.127,0.222,0.210
163.120,10195,DRIVE,-3.208,-3.281,1.031,-2.830,-0.960,2.352,0.120,0.522,0.115,0.200,0.202
163.200,10200,DRIVE,-3.203,-3.273,1.059,-2.830,-0.960,2.343,0.120,0.422,0.104,0.181,0.205
163.840,10240,DRIVE,-3.217,-3.323,1.568,-2.830,-0.960,2.394,0.263,-0.635,0.163,0.163,0.228
163.920,10245,DRIVE,-3.217,-3.327,1.734,-2.830,-0.960,2.398,0.255,-0.494,0.183,0.159,0.236
164.000,10250,DRIVE,-3.217,-3.327,1.873,-2.830,-0.960,2.398,0.147,-0.864,0.206,0.160,0.240
164.080,10255,DRIVE,-3.217,-3.326,1.952,-2.830,-0.960,2.398,0.149,-1.076,0.223,0.162,0.245
164.160,10260,DRIVE,-3.217,-3.326,1.975,-2.830,-0.960,2.397,0.150,-1.139,0.227,0.162,0.243
164.240,10265,DRIVE,-3.218,-3.323,1.970,-2.830,-0.960,2.394,0.145,-1.117,0.222,0.159,0.245
164.320,10270,DRIVE,-3.221,-3.317,1.940,-2.830,-0.960,2.389,0.135,-1.021,0.208,0.151,0.240
164.400,10275,DRIVE,-3.224,-3.308,1.886,-2.830,-0.960,2.380,0.120,-0.858,0.187,0.140,0.232
164.480,10280,DRIVE,-3.226,-3.298,1.834,-2.830,-0.960,2.372,0.120,-0.704,0.168,0.130,0.221
164.560,10285,DRIVE,-3.229,-3.289,1.790,-2.830,-0.960,2.363,0.120,-0.573,0.151,0.120,0.217
164.640,10290,DRIVE,-3.231,-3.280,1.755,-2.830,-0.960,2.354,0.120,-0.463,0.136,0.111,0.205
164.720,10295,DRIVE,-3.232,-3.270,1.725,-2.830,-0.960,2.345,0.120,-0.371,0.122,0.102,0.200
165.360,10335,DRIVE,-3.238,-3.325,1.178,-2.830,-0.960,2.400,0.261,0.200,0.162,0.225,0.240
165.440,10340,DRIVE,-3.239,-3.327,1.027,-2.830,-0.960,2.403,0.295,0.709,0.176,0.273,0.245
165.520,10345,DRIVE,-3.238,-3.326,0.908,-2.830,-0.960,2.401,0.186,1.125,0.190,0.320,0.252
165.600,10350,DRIVE,-3.237,-3.325,0.839,-2.830,-0.960,2.400,0.199,1.379,0.199,0.355,0.253
165.680,10355,DRIVE,-3.236,-3.323,0.813,-2.830,-0.960,2.398,0.200,1.457,0.202,0.368,0.250
165.760,10360,DRIVE,-3.232,-3.320,0.817,-2.830,-0.960,2.394,0.196,1.449,0.197,0.360,0.249
165.840,10365,DRIVE,-3.227,-3.314,0.847,-2.830,-0.960,2.387,0.179,1.327,0.184,0.333,0.247
165.920,10370,DRIVE,-3.220,-3.306,0.901,-2.830,-0.960,2.378,0.155,1.124,0.167,0.294,0.233
166.000,10375,DRIVE,-3.213,-3.296,0.960,-2.830,-0.960,2.368,0.131,0.909,0.149,0.256,0.225
166.080,10380,DRIVE,-3.208,-3.288,1.008,-2.830,-0.960,2.359,0.120,0.741,0.135,0.228,0.224
166.160,10385,DRIVE,-3.203,-3.280,1.048,-2.830,-0.960,2.350,0.120,0.603,0.122,0.205,0.211
166.240,10390,DRIVE,-3.198,-3.271,1.081,-2.830,-0.960,2.341,0.120,0.490,0.111,0.185,0.210
166.960,10435,DRIVE,-3.207,-3.319,1.688,-2.830,-0.960,2.389,0.261,-0.277,0.179,0.162,0.239
167.040,10440,DRIVE,-3.206,-3.321,1.849,-2.830,-0.960,2.391,0.262,-0.708,0.205,0.162,0.244
167.120,10445,DRIVE,-3.206,-3.320,1.967,-2.830,-0.960,2.390,0.155,-1.040,0.230,0.166,0.250
167.200,10450,DRIVE,-3.207,-3.320,2.019,-2.830,-0.960,2.390,0.158,-1.187,0.243,0.168,0.248
167.280,10455,DRIVE,-3.207,-3.319,2.030,-2.830,-0.960,2.389,0.156,-1.214,0.244,0.167,0.247
167.360,10460,DRIVE,-3.209,-3.314,2.015,-2.830,-0.960,2.385,0.149,-1.164,0.235,0.162,0.244
167.440,10465,DRIVE,-3.212,-3.307,1.975,-2.830,-0.960,2.378,0.136,-1.039,0.216,0.152,0.238
167.520,10470,DRIVE,-3.216,-3.298,1.917,-2.830,-0.960,2.370,0.120,-0.862,0.192,0.140,0.230
167.600,10475,DRIVE,-3.219,-3.289,1.865,-2.830,-0.960,2.361,0.120,-0.709,0.172,0.130,0.217
167.680,10480,DRIVE,-3.222,-3.280,1.822,-2.830,-0.960,2.352,0.120,-0.580,0.155,0.120,0.209
167.760,10485,DRIVE,-3.224,-3.270,1.786,-2.830,-0.960,2.344,0.120,-0.473,0.139,0.110,0.211
167.840,10490,DRIVE,-3.226,-3.261,1.757,-2.830,-0.960,2.335,0.120,-0.383,0.125,0.101,0.205
168.480,10530,DRIVE,-3.230,-3.316,1.202,-2.830,-0.960,2.390,0.259,0.253,0.161,0.219,0.235
168.560,10535,DRIVE,-3.231,-3.318,1.048,-2.830,-0.960,2.392,0.291,0.724,0.175,0.266,0.250
168.640,10540,DRIVE,-3.231,-3.317,0.932,-2.830,-0.960,2.391,0.183,1.100,0.187,0.310,0.250
168.720,10545,DRIVE,-3.230,-3.317,0.869,-2.830,-0.960,2.390,0.194,1.312,0.195,0.340,0.253
168.800,10550,DRIVE,-3.229,-3.315,0.846,-2.830,-0.960,2.389,0.197,1.397,0.197,0.350,0.253
168.880,10555,DRIVE,-3.225,-3.311,0.850,-2.830,-0.960,2.385,0.190,1.395,0.192,0.342,0.250
168.960,10560,DRIVE,-3.220,-3.306,0.879,-2.830,-0.960,2.378,0.174,1.312,0.181,0.318,0.246
169.040,10565,DRIVE,-3.214,-3.297,0.934,-2.830,-0.960,2.369,0.151,1.143,0.164,0.281,0.240
169.120,10570,DRIVE,-3.208,-3.288,0.993,-2.830,-0.960,2.358,0.128,0.924,0.146,0.246,0.230
169.200,10575,DRIVE,-3.202,-3.279,1.042,-2.830,-0.960,2.349,0.120,0.747,0.133,0.219,0.219
169.280,10580,DRIVE,-3.198,-3.271,1.083,-2.830,-0.960,2.340,0.120,0.601,0.121,0.196,0.207
169.360,10585,DRIVE,-3.193,-3.263,1.116,-2.830,-0.960,2.331,0.120,0.480,0.110,0.177,0.200
170.080,10630,DRIVE,-3.200,-3.311,1.722,-2.830,-0.960,2.380,0.260,-0.245,0.184,0.161,0.240
170.160,10635,DRIVE,-3.200,-3.312,1.884,-2.830,-0.960,2.381,0.265,-0.672,0.212,0.164,0.242
170.240,10640,DRIVE,-3.200,-3.312,2.003,-2.830,-0.960,2.380,0.158,-1.007,0.240,0.169,0.249
170.320,10645,DRIVE,-3.200,-3.311,2.057,-2.830,-0.960,2.380,0.162,-1.160,0.254,0.171,0.250
170.400,10650,DRIVE,-3.201,-3.309,2.069,-2.830,-0.960,2.378,0.160,-1.198,0.255,0.170,0.250
170.480,10655,DRIVE,-3.203,-3.305,2.056,-2.830,-0.960,2.375,0.153,-1.170,0.246,0.165,0.245
170.560,10660,DRIVE,-3.207,-3.298,2.017,-2.830,-0.960,2.368,0.139,-1.061,0.227,0.154,0.241
170.640,10665,DRIVE,-3.211,-3.289,1.960,-2.830,-0.960,2.360,0.122,-0.873,0.201,0.142,0.232
170.720,10670,DRIVE,-3.214,-3.280,1.909,-2.830,-0.960,2.351,0.120,-0.709,0.180,0.131,0.220
170.800,10675,DRIVE,-3.217,-3.271,1.866,-2.830,-0.960,2.343,0.120,-0.571,0.162,0.120,0.211
170.880,10680,DRIVE,-3.220,-3.261,1.832,-2.830,-0.960,2.334,0.120,-0.455,0.146,0.110,0.205
170.960,10685,DRIVE,-3.222,-3.252,1.805,-2.830,-0.960,2.325,0.120,-0.357,0.132,0.101,0.205
171.600,10725,DRIVE,-3.223,-3.307,1.258,-2.830,-0.960,2.380,0.260,0.180,0.161,0.210,0.244
171.680,10730,DRIVE,-3.224,-3.310,1.100,-2.830,-0.960,2.383,0.286,0.664,0.173,0.252,0.251
171.760,10735,DRIVE,-3.224,-3.309,0.976,-2.830,-0.960,2.381,0.178,1.064,0.184,0.294,0.255
171.840,10740,DRIVE,-3.223,-3.307,0.912,-2.830,-0.960,2.380,0.187,1.278,0.190,0.320,0.258
171.920,10745,DRIVE,-3.221,-3.306,0.889,-2.830,-0.960,2.378,0.188,1.360,0.191,0.328,0.251
172.000,10750,DRIVE,-3.218,-3.302,0.894,-2.830,-0.960,2.374,0.182,1.355,0.186,0.321,0.250
172.080,10755,DRIVE,-3.214,-3.296,0.924,-2.830,-0.960,2.368,0.167,1.253,0.175,0.298,0.250
172.160,10760,DRIVE,-3.208,-3.288,0.976,-2.830,-0.960,2.358,0.145,1.057,0.159,0.264,0.242
172.240,10765,DRIVE,-3.202,-3.278,1.032,-2.830,-0.960,2.348,0.124,0.855,0.143,0.233,0.230
172.320,10770,DRIVE,-3.197,-3.270,1.078,-2.830,-0.960,2.339,0.120,0.692,0.130,0.208,0.215
172.400,10775,DRIVE,-3.193,-3.261,1.117,-2.830,-0.960,2.330,0.120,0.556,0.119,0.188,0.214
172.480,10780,DRIVE,-3.189,-3.253,1.148,-2.830,-0.960,2.321,0.120,0.443,0.108,0.170,0.204
173.120,10820,DRIVE,-3.196,-3.297,1.614,-2.830,-0.960,2.366,0.148,-0.798,0.167,0.161,0.236
173.200,10825,DRIVE,-3.194,-3.307,1.748,-2.830,-0.960,2.375,0.156,-1.088,0.193,0.167,0.250
173.280,10830,DRIVE,-3.193,-3.314,1.846,-2.830,-0.960,2.382,0.166,-1.302,0.218,0.175,0.256
173.360,10835,DRIVE,-3.191,-3.318,1.910,-2.830,-0.960,2.385,0.175,-1.445,0.236,0.181,0.264
173.440,10840,DRIVE,-3.191,-3.319,1.939,-2.830,-0.960,2.387,0.178,-1.509,0.244,0.183,0.267
173.520,10845,DRIVE,-3.192,-3.317,1.941,-2.830,-0.960,2.385,0.175,-1.517,0.242,0.182,0.270
173.600,10850,DRIVE,-3.193,-3.313,1.917,-2.830,-0.960,2.381,0.168,-1.472,0.231,0.176,0.260
173.680,10855,DRIVE,-3.196,-3.305,1.866,-2.830,-0.960,2.374,0.156,-1.374,0.213,0.167,0.253
173.760,10860,DRIVE,-3.198,-3.295,1.788,-2.830,-0.960,2.364,0.141,-1.218,0.188,0.156,0.245
173.840,10865,DRIVE,-3.200,-3.284,1.710,-2.830,-0.960,2.354,0.128,-1.016,0.166,0.146,0.236
173.920,10870,DRIVE,-3.201,-3.274,1.643,-2.830,-0.960,2.344,0.120,-0.844,0.148,0.138,0.228
174.000,10875,DRIVE,-3.202,-3.265,1.586,-2.830,-0.960,2.335,0.120,-0.695,0.133,0.131,0.216
174.080,10880,DRIVE,-3.201,-3.255,1.523,-2.830,-0.960,2.325,0.120,-1.706,0.119,0.125,0.210
174.160,10885,DRIVE,-3.200,-3.245,1.416,-2.830,-0.960,2.315,0.124,-1.588,0.103,0.123,0.200
174.800,10925,DRIVE,-3.230,-3.272,0.477,-2.830,-0.960,2.347,0.000,2.500,0.264,0.704,0.221
174.880,10930,DRIVE,-3.235,-3.274,0.353,-2.830,-0.960,2.350,0.000,2.500,0.352,1.165,0.230
174.960,10935,DRIVE,-3.241,-3.276,0.274,-2.830,-0.960,2.352,0.000,2.500,0.441,1.874,0.234
175.040,10940,DRIVE,-3.246,-3.277,0.247,-2.830,-0.960,2.354,0.000,2.500,0.484,2.000,0.238
175.120,10945,DRIVE,-3.251,-3.279,0.273,-2.830,-0.960,2.357,0.000,2.500,0.453,1.922,0.242
175.200,10950,DRIVE,-3.257,-3.281,0.350,-2.830,-0.960,2.359,0.000,2.500,0.375,1.223,0.243
175.280,10955,DRIVE,-3.261,-3.282,0.468,-2.830,-0.960,2.362,0.000,2.500,0.296,0.772,0.243
175.360,10960,DRIVE,-3.261,-3.283,0.593,-2.830,-0.960,2.362,0.200,1.737,0.240,0.541,0.243
175.440,10965,DRIVE,-3.256,-3.279,0.716,-2.830,-0.960,2.358,0.198,1.476,0.199,0.405,0.239
175.520,10970,DRIVE,-3.249,-3.272,0.831,-2.830,-0.960,2.349,0.156,1.007,0.167,0.316,0.230
175.600,10975,DRIVE,-3.243,-3.264,0.895,-2.830,-0.960,2.341,0.129,0.747,0.147,0.272,0.217
175.680,10980,DRIVE,-3.237,-3.256,0.934,-2.830,-0.960,2.332,0.120,0.586,0.133,0.244,0.210
175.760,10985,DRIVE,-3.231,-3.248,0.965,-2.830,-0.960,2.322,0.163,0.458,0.120,0.220,0.200
175.840,10990,DRIVE,-3.224,-3.238,0.989,-2.830,-0.960,2.311,0.131,0.354,0.106,0.199,0.208
176.480,11030,DRIVE,-3.241,-3.283,1.414,-2.830,-0.960,2.359,0.230,-0.588,0.148,0.171,0.223
176.560,11035,DRIVE,-3.242,-3.289,1.574,-2.830,-0.960,2.365,0.262,-0.353,0.163,0.162,0.232
176.640,11040,DRIVE,-3.242,-3.289,1.722,-2.830,-0.960,2.365,0.247,-0.701,0.178,0.156,0.238
176.720,11045,DRIVE,-3.242,-3.288,1.821,-2.830,-0.960,2.364,0.139,-0.942,0.192,0.154,0.239
176.800,11050,DRIVE,-3.242,-3.287,1.857,-2.830,-0.960,2.364,0.138,-1.030,0.197,0.153,0.240
176.880,11055,DRIVE,-3.243,-3.285,1.857,-2.830,-0.960,2.361,0.134,-1.021,0.194,0.151,0.236
176.960,11060,DRIVE,-3.245,-3.279,1.830,-2.830,-0.960,2.356,0.126,-0.939,0.183,0.145,0.231
177.040,11065,DRIVE,-3.247,-3.271,1.778,-2.830,-0.960,2.348,0.120,-0.790,0.165,0.136,0.225
177.120,11070,DRIVE,-3.248,-3.261,1.728,-2.830,-0.960,2.339,0.120,-0.644,0.149,0.127,0.212
177.200,11075,DRIVE,-3.250,-3.252,1.687,-2.830,-0.960,2.330,0.120,-0.519,0.134,0.118,0.210
177.280,11080,DRIVE,-3.250,-3.242,1.653,-2.830,-0.960,2.320,0.120,-0.414,0.120,0.109,0.200
177.360,11085,DRIVE,-3.251,-3.232,1.626,-2.830,-0.960,2.311,0.120,-0.325,0.107,0.100,0.200
178.000,11125,DRIVE,-3.262,-3.287,1.112,-2.830,-0.960,2.367,0.254,0.332,0.159,0.234,0.231
178.080,11130,DRIVE,-3.263,-3.290,0.971,-2.830,-0.960,2.369,0.291,0.817,0.175,0.285,0.239
178.160,11135,DRIVE,-3.263,-3.289,0.867,-2.830,-0.960,2.369,0.185,1.192,0.189,0.332,0.243
178.240,11140,DRIVE,-3.263,-3.289,0.808,-2.830,-0.960,2.369,0.200,1.417,0.200,0.367,0.248
178.320,11145,DRIVE,-3.262,-3.288,0.786,-2.830,-0.960,2.368,0.200,1.482,0.202,0.379,0.250
178.400,11150,DRIVE,-3.258,-3.285,0.791,-2.830,-0.960,2.364,0.196,1.474,0.197,0.370,0.248
178.480,11155,DRIVE,-3.253,-3.279,0.822,-2.830,-0.960,2.358,0.179,1.345,0.184,0.342,0.242
178.560,11160,DRIVE,-3.246,-3.271,0.878,-2.830,-0.960,2.348,0.154,1.133,0.166,0.300,0.237
178.640,11165,DRIVE,-3.239,-3.262,0.939,-2.830,-0.960,2.338,0.130,0.914,0.147,0.260,0.223
178.720,11170,DRIVE,-3.233,-3.254,0.986,-2.830,-0.960,2.329,0.120,0.745,0.133,0.231,0.217
178.800,11175,DRIVE,-3.228,-3.246,1.026,-2.830,-0.960,2.320,0.120,0.608,0.121,0.208,0.211
178.880,11180,DRIVE,-3.223,-3.238,1.059,-2.830,-0.960,2.311,0.120,0.496,0.109,0.187,0.203
179.600,11225,DRIVE,-3.233,-3.285,1.664,-2.830,-0.960,2.360,0.256,-0.483,0.173,0.160,0.240
179.680,11230,DRIVE,-3.232,-3.287,1.820,-2.830,-0.960,2.362,0.146,-0.880,0.197,0.160,0.242
179.760,11235,DRIVE,-3.232,-3.289,1.920,-2.830,-0.960,2.363,0.152,-1.151,0.219,0.164,0.242
179.840,11240,DRIVE,-3.231,-3.290,1.959,-2.830,-0.960,2.364,0.155,-1.257,0.229,0.166,0.248
179.920,11245,DRIVE,-3.232,-3.289,1.967,-2.830,-0.960,2.363,0.154,-1.275,0.229,0.165,0.250
180.000,11250,DRIVE,-3.233,-3.285,1.949,-2.830,-0.960,2.360,0.147,-1.219,0.220,0.160,0.249
